TM_KEY_MTH,TM_KEY_WK,TM_KEY_DAY,CENTER,METRIC_GRP,COMP_CD,PRODUCT_GRP,METRIC_CD,METRIC_NAME,DIMENSION_KPI_FLAG,BG_FLAG,AGG_TYPE,RR_IND,GRY_IND,UOM,PERIOD,ACTUAL_SNAP,ACTUAL_AGG,TARGET_SNAP,TARGET_AGG,PPN_TM
202303,2023009,20230301,Sales & Revenue,Revenue,ALL,Postpaid,B2R000100,Postpaid Revenue,Y,Y,S,0,GYR,baht,M,13763796.0453,13763796.0453,6416631.6071,6416631.6071,2023-06-19 14:24:12
202303,2023009,20230302,Sales & Revenue,Revenue,ALL,Postpaid,B2R000100,Postpaid Revenue,Y,Y,S,0,GYR,baht,M,852188210.9935725,865952007.0388725,864563665.0420365,870980296.6491365,2023-06-19 14:24:12
202303,2023009,20230303,Sales & Revenue,Revenue,ALL,Postpaid,B2R000100,Postpaid Revenue,Y,Y,S,0,GYR,baht,M,99436111.724,965388118.7628725,98725042.3508,969705338.9999366,2023-06-19 14:24:12
202303,2023009,20230304,Sales & Revenue,Revenue,ALL,Postpaid,B2R000100,Postpaid Revenue,Y,Y,S,0,GYR,baht,M,97931517.6674,1063319636.4302725,99376342.5849,1069081681.5848366,2023-06-19 14:24:12
202303,2023009,20230305,Sales & Revenue,Revenue,ALL,Postpaid,B2R000100,Postpaid Revenue,Y,Y,S,0,GYR,baht,M,93906473.9241,1157226110.3543725,96530169.2497,1165611850.8345366,2023-06-19 14:24:12
202303,2023010,20230306,Sales & Revenue,Revenue,ALL,Postpaid,B2R000100,Postpaid Revenue,Y,Y,S,0,GYR,baht,M,333134665.02485,1490360775.3792226,336205290.186442,1501817141.0209785,2023-06-19 14:24:12
202303,2023010,20230307,Sales & Revenue,Revenue,ALL,Postpaid,B2R000100,Postpaid Revenue,Y,Y,S,0,GYR,baht,M,96312198.3565,1586672973.7357225,94860315.2572,1596677456.2781785,2023-06-19 14:24:12
202303,2023010,20230308,Sales & Revenue,Revenue,ALL,Postpaid,B2R000100,Postpaid Revenue,Y,Y,S,0,GYR,baht,M,93935097.733,1680608071.4687226,93807167.8987,1690484624.1768785,2023-06-19 14:24:12
202303,2023010,20230309,Sales & Revenue,Revenue,ALL,Postpaid,B2R000100,Postpaid Revenue,Y,Y,S,0,GYR,baht,M,92128182.7092,1772736254.1779225,92906875.6644,1783391499.8412786,2023-06-19 14:24:12
202303,2023010,20230310,Sales & Revenue,Revenue,ALL,Postpaid,B2R000100,Postpaid Revenue,Y,Y,S,0,GYR,baht,M,587269731.6173319,2360005985.795254,588857827.6111419,2372249327.45242,2023-06-19 14:24:12
202303,2023010,20230311,Sales & Revenue,Revenue,ALL,Postpaid,B2R000100,Postpaid Revenue,Y,Y,S,0,GYR,baht,M,93511822.6555,2453517808.4507546,94064637.566,2466313965.01842,2023-06-19 14:24:12
202303,2023010,20230312,Sales & Revenue,Revenue,ALL,Postpaid,B2R000100,Postpaid Revenue,Y,Y,S,0,GYR,baht,M,89186793.2305,2542704601.6812544,93905956.035,2560219921.0534205,2023-06-19 14:24:12
202303,2023011,20230313,Sales & Revenue,Revenue,ALL,Postpaid,B2R000100,Postpaid Revenue,Y,Y,S,0,GYR,baht,M,503120786.4809619,3045825388.162216,502648383.10628194,3062868304.1597023,2023-06-19 14:24:12
202303,2023011,20230314,Sales & Revenue,Revenue,ALL,Postpaid,B2R000100,Postpaid Revenue,Y,Y,S,0,GYR,baht,M,88915271.4083,3134740659.5705166,87134543.6031,3150002847.762802,2023-06-19 14:24:12
202303,2023011,20230315,Sales & Revenue,Revenue,ALL,Postpaid,B2R000100,Postpaid Revenue,Y,Y,S,0,GYR,baht,M,90079932.5552,3224820592.125716,87147738.8401,3237150586.6029024,2023-06-19 14:24:12
202303,2023011,20230316,Sales & Revenue,Revenue,ALL,Postpaid,B2R000100,Postpaid Revenue,Y,Y,S,0,GYR,baht,M,466801030.3909969,3691621622.516713,466483941.22242874,3703634527.825331,2023-06-19 14:24:12
202303,2023011,20230317,Sales & Revenue,Revenue,ALL,Postpaid,B2R000100,Postpaid Revenue,Y,Y,S,0,GYR,baht,M,87732132.0415,3779353754.558213,87783496.9815,3791418024.806831,2023-06-19 14:24:12
202303,2023011,20230318,Sales & Revenue,Revenue,ALL,Postpaid,B2R000100,Postpaid Revenue,Y,Y,S,0,GYR,baht,M,88953632.9157,3868307387.473913,101003197.5135,3892421222.320331,2023-06-19 14:24:12
202303,2023011,20230319,Sales & Revenue,Revenue,ALL,Postpaid,B2R000100,Postpaid Revenue,Y,Y,S,0,GYR,baht,M,451806442.6016624,4320113830.075576,473078028.8837724,4365499251.204103,2023-06-19 14:24:12
202303,2023012,20230320,Sales & Revenue,Revenue,ALL,Postpaid,B2R000100,Postpaid Revenue,Y,Y,S,0,GYR,baht,M,88081305.9444,4408195136.019976,90210794.0755,4455710045.279603,2023-06-19 14:24:12
202303,2023012,20230321,Sales & Revenue,Revenue,ALL,Postpaid,B2R000100,Postpaid Revenue,Y,Y,S,0,GYR,baht,M,89388567.5414,4497583703.561376,90836004.498,4546546049.777603,2023-06-19 14:24:12
202303,2023012,20230322,Sales & Revenue,Revenue,ALL,Postpaid,B2R000100,Postpaid Revenue,Y,Y,S,0,GYR,baht,M,457757891.0922431,4955341594.653619,454754258.1797745,5001300307.957378,2023-06-19 14:24:12
202303,2023012,20230323,Sales & Revenue,Revenue,ALL,Postpaid,B2R000100,Postpaid Revenue,Y,Y,S,0,GYR,baht,M,89505419.1149,5044847013.768518,88949814.4057,5090250122.363078,2023-06-19 14:24:12
202303,2023012,20230324,Sales & Revenue,Revenue,ALL,Postpaid,B2R000100,Postpaid Revenue,Y,Y,S,0,GYR,baht,M,89148266.8915,5133995280.660019,88856901.7761,5179107024.139178,2023-06-19 14:24:12
202303,2023012,20230325,Sales & Revenue,Revenue,ALL,Postpaid,B2R000100,Postpaid Revenue,Y,Y,S,0,GYR,baht,M,457735883.975,5591731164.635018,458193807.6292773,5637300831.7684555,2023-06-19 14:24:12
202303,2023012,20230326,Sales & Revenue,Revenue,ALL,Postpaid,B2R000100,Postpaid Revenue,Y,Y,S,0,GYR,baht,M,98699864.3881,5690431029.023119,102644883.2942,5739945715.062655,2023-06-19 14:24:12
202303,2023013,20230327,Sales & Revenue,Revenue,ALL,Postpaid,B2R000100,Postpaid Revenue,Y,Y,S,0,GYR,baht,M,98553120.2814,5788984149.304519,101999755.3039,5841945470.366555,2023-06-19 14:24:12
202303,2023013,20230328,Sales & Revenue,Revenue,ALL,Postpaid,B2R000100,Postpaid Revenue,Y,Y,S,0,GYR,baht,M,484599555.8190414,6273583705.12356,486208263.7410123,6328153734.107568,2023-06-19 14:24:12
202303,2023013,20230329,Sales & Revenue,Revenue,ALL,Postpaid,B2R000100,Postpaid Revenue,Y,Y,S,0,GYR,baht,M,295326508.1855,6568910213.30906,304282208.2239,6632435942.331468,2023-06-19 14:24:12
202303,2023013,20230330,Sales & Revenue,Revenue,ALL,Postpaid,B2R000100,Postpaid Revenue,Y,Y,S,0,GYR,baht,M,8086221.2704,6576996434.57946,6351627.4669,6638787569.7983675,2023-06-19 14:24:12
202303,2023013,20230331,Sales & Revenue,Revenue,ALL,Postpaid,B2R000100,Postpaid Revenue,Y,Y,S,0,GYR,baht,M,26144361.47848066,6603140796.0579405,23641623.070035145,6662429192.8684025,2023-06-19 14:24:12
202304,2023013,20230401,Sales & Revenue,Revenue,ALL,Postpaid,B2R000100,Postpaid Revenue,Y,Y,S,0,GYR,baht,M,7152509.8787,7152509.8787,9059476.4246,9059476.4246,2023-06-19 14:24:12
202304,2023013,20230402,Sales & Revenue,Revenue,ALL,Postpaid,B2R000100,Postpaid Revenue,Y,Y,S,0,GYR,baht,M,869995435.98337,877147945.86207,895193074.9961715,904252551.4207715,2023-06-19 14:24:12
202304,2023014,20230403,Sales & Revenue,Revenue,ALL,Postpaid,B2R000100,Postpaid Revenue,Y,Y,S,0,GYR,baht,M,99002616.9698,976150562.83187,98940040.5311,1003192591.9518715,2023-06-19 14:24:12
202304,2023014,20230404,Sales & Revenue,Revenue,ALL,Postpaid,B2R000100,Postpaid Revenue,Y,Y,S,0,GYR,baht,M,98578261.4083,1074728824.24017,100454771.5996,1103647363.5514715,2023-06-19 14:24:12
202304,2023014,20230405,Sales & Revenue,Revenue,ALL,Postpaid,B2R000100,Postpaid Revenue,Y,Y,S,0,GYR,baht,M,96355475.9076,1171084300.14777,97141051.935,1200788415.4864714,2023-06-19 14:24:12
202304,2023014,20230406,Sales & Revenue,Revenue,ALL,Postpaid,B2R000100,Postpaid Revenue,Y,Y,S,0,GYR,baht,M,342136330.6474087,1513220630.7951787,336159427.63242245,1536947843.1188939,2023-06-19 14:24:12
202304,2023014,20230407,Sales & Revenue,Revenue,ALL,Postpaid,B2R000100,Postpaid Revenue,Y,Y,S,0,GYR,baht,M,95296664.0283,1608517294.8234787,97362289.8532,1634310132.972094,2023-06-19 14:24:12
202304,2023014,20230408,Sales & Revenue,Revenue,ALL,Postpaid,B2R000100,Postpaid Revenue,Y,Y,S,0,GYR,baht,M,94457466.2313,1702974761.0547788,95982115.6439,1730292248.615994,2023-06-19 14:24:12
202304,2023014,20230409,Sales & Revenue,Revenue,ALL,Postpaid,B2R000100,Postpaid Revenue,Y,Y,S,0,GYR,baht,M,93387288.8665,1796362049.9212787,94254575.8725,1824546824.488494,2023-06-19 14:24:12
202304,2023015,20230410,Sales & Revenue,Revenue,ALL,Postpaid,B2R000100,Postpaid Revenue,Y,Y,S,0,GYR,baht,M,596782587.1184146,2393144637.0396934,589235519.0709226,2413782343.559417,2023-06-19 14:24:12
202304,2023015,20230411,Sales & Revenue,Revenue,ALL,Postpaid,B2R000100,Postpaid Revenue,Y,Y,S,0,GYR,baht,M,95791974.8558,2488936611.8954935,94073875.4582,2507856219.0176167,2023-06-19 14:24:12
202304,2023015,20230412,Sales & Revenue,Revenue,ALL,Postpaid,B2R000100,Postpaid Revenue,Y,Y,S,0,GYR,baht,M,93090027.3776,2582026639.273093,91689571.1491,2599545790.1667166,2023-06-19 14:24:12
202304,2023015,20230413,Sales & Revenue,Revenue,ALL,Postpaid,B2R000100,Postpaid Revenue,Y,Y,S,0,GYR,baht,M,510174206.68297046,3092200845.9560637,502461332.9763259,3102007123.1430426,2023-06-19 14:24:12
202304,2023015,20230414,Sales & Revenue,Revenue,ALL,Postpaid,B2R000100,Postpaid Revenue,Y,Y,S,0,GYR,baht,M,86767028.2203,3178967874.176364,86994797.4793,3189001920.6223426,2023-06-19 14:24:12
202304,2023015,20230415,Sales & Revenue,Revenue,ALL,Postpaid,B2R000100,Postpaid Revenue,Y,Y,S,0,GYR,baht,M,87269745.5199,3266237619.696264,87836129.2875,3276838049.9098425,2023-06-19 14:24:12
202304,2023015,20230416,Sales & Revenue,Revenue,ALL,Postpaid,B2R000100,Postpaid Revenue,Y,Y,S,0,GYR,baht,M,472090149.7598353,3738327769.456099,465983941.87584335,3742821991.785686,2023-06-19 14:24:12
202304,2023016,20230417,Sales & Revenue,Revenue,ALL,Postpaid,B2R000100,Postpaid Revenue,Y,Y,S,0,GYR,baht,M,86690786.6613,3825018556.117399,86436372.1403,3829258363.925986,2023-06-19 14:24:12
202304,2023016,20230418,Sales & Revenue,Revenue,ALL,Postpaid,B2R000100,Postpaid Revenue,Y,Y,S,0,GYR,baht,M,91121877.7453,3916140433.862699,89717323.6856,3918975687.6115856,2023-06-19 14:24:12
202304,2023016,20230419,Sales & Revenue,Revenue,ALL,Postpaid,B2R000100,Postpaid Revenue,Y,Y,S,0,GYR,baht,M,459115577.40433216,4375256011.267032,462966059.79128677,4381941747.402873,2023-06-19 14:24:12
202304,2023016,20230420,Sales & Revenue,Revenue,ALL,Postpaid,B2R000100,Postpaid Revenue,Y,Y,S,0,GYR,baht,M,87287991.444,4462544002.711031,90373499.4081,4472315246.810972,2023-06-19 14:24:12
202304,2023016,20230421,Sales & Revenue,Revenue,ALL,Postpaid,B2R000100,Postpaid Revenue,Y,Y,S,0,GYR,baht,M,88488943.9309,4551032946.641932,90435924.1094,4562751170.920373,2023-06-19 14:24:12
202304,2023016,20230422,Sales & Revenue,Revenue,ALL,Postpaid,B2R000100,Postpaid Revenue,Y,Y,S,0,GYR,baht,M,457763763.2711186,5008796709.91305,454363699.1865685,5017114870.106941,2023-06-19 14:24:12
202304,2023016,20230423,Sales & Revenue,Revenue,ALL,Postpaid,B2R000100,Postpaid Revenue,Y,Y,S,0,GYR,baht,M,85598219.875,5094394929.78805,87572103.0707,5104686973.177641,2023-06-19 14:24:12
202304,2023017,20230424,Sales & Revenue,Revenue,ALL,Postpaid,B2R000100,Postpaid Revenue,Y,Y,S,0,GYR,baht,M,86306566.4029,5180701496.190949,87400469.2555,5192087442.433141,2023-06-19 14:24:12
202304,2023017,20230425,Sales & Revenue,Revenue,ALL,Postpaid,B2R000100,Postpaid Revenue,Y,Y,S,0,GYR,baht,M,461662448.0950678,5642363944.286017,458962789.9147569,5651050232.347898,2023-06-19 14:24:12
202304,2023017,20230426,Sales & Revenue,Revenue,ALL,Postpaid,B2R000100,Postpaid Revenue,Y,Y,S,0,GYR,baht,M,98319571.8661,5740683516.152118,99994181.0482,5751044413.396098,2023-06-19 14:24:12
202304,2023017,20230427,Sales & Revenue,Revenue,ALL,Postpaid,B2R000100,Postpaid Revenue,Y,Y,S,0,GYR,baht,M,97521960.7583,5838205476.910418,99397638.3535,5850442051.749598,2023-06-19 14:24:12
202304,2023017,20230428,Sales & Revenue,Revenue,ALL,Postpaid,B2R000100,Postpaid Revenue,Y,Y,S,0,GYR,baht,M,494141380.81910783,6332346857.729526,491405117.6432057,6341847169.392803,2023-06-19 14:24:12
202304,2023017,20230429,Sales & Revenue,Revenue,ALL,Postpaid,B2R000100,Postpaid Revenue,Y,Y,S,0,GYR,baht,M,296562818.4881,6628909676.217626,306960387.9968,6648807557.389604,2023-06-19 14:24:12
202304,2023017,20230430,Sales & Revenue,Revenue,ALL,Postpaid,B2R000100,Postpaid Revenue,Y,Y,S,0,GYR,baht,M,25204810.47159932,6654114486.689225,23878136.71609902,6672685694.105702,2023-06-19 14:24:12
202305,2023018,20230501,Sales & Revenue,Revenue,ALL,Postpaid,B2R000100,Postpaid Revenue,Y,Y,S,0,GYR,baht,M,7050046.9336,7050046.9336,6384335.0713,6384335.0713,2023-06-19 14:24:12
202305,2023018,20230502,Sales & Revenue,Revenue,ALL,Postpaid,B2R000100,Postpaid Revenue,Y,Y,S,0,GYR,baht,M,866868029.688184,873918076.621784,872253513.943795,878637849.015095,2023-06-19 14:24:12
202305,2023018,20230503,Sales & Revenue,Revenue,ALL,Postpaid,B2R000100,Postpaid Revenue,Y,Y,S,0,GYR,baht,M,97642870.2987,971560946.920484,97850900.9613,976488749.976395,2023-06-19 14:24:12
202305,2023018,20230504,Sales & Revenue,Revenue,ALL,Postpaid,B2R000100,Postpaid Revenue,Y,Y,S,0,GYR,baht,M,98389649.2395,1069950596.159984,98492434.1362,1074981184.112595,2023-06-19 14:24:12
202305,2023018,20230505,Sales & Revenue,Revenue,ALL,Postpaid,B2R000100,Postpaid Revenue,Y,Y,S,0,GYR,baht,M,95137650.5355,1165088246.695484,95674373.5921,1170655557.704695,2023-06-19 14:24:12
202305,2023018,20230506,Sales & Revenue,Revenue,ALL,Postpaid,B2R000100,Postpaid Revenue,Y,Y,S,0,GYR,baht,M,340559505.64802265,1505647752.3435066,336654468.6841807,1507310026.3888757,2023-06-19 14:24:12
202305,2023018,20230507,Sales & Revenue,Revenue,ALL,Postpaid,B2R000100,Postpaid Revenue,Y,Y,S,0,GYR,baht,M,93240658.0609,1598888410.4044065,94015354.3615,1601325380.7503757,2023-06-19 14:24:12
202305,2023019,20230508,Sales & Revenue,Revenue,ALL,Postpaid,B2R000100,Postpaid Revenue,Y,Y,S,0,GYR,baht,M,94081872.6821,1692970283.0865066,92965060.5053,1694290441.2556756,2023-06-19 14:24:12
202305,2023019,20230509,Sales & Revenue,Revenue,ALL,Postpaid,B2R000100,Postpaid Revenue,Y,Y,S,0,GYR,baht,M,91961603.1482,1784931886.2347066,92087700.2303,1786378141.4859757,2023-06-19 14:24:12
202305,2023019,20230510,Sales & Revenue,Revenue,ALL,Postpaid,B2R000100,Postpaid Revenue,Y,Y,S,0,GYR,baht,M,591508462.3976347,2376440348.6323414,590763567.0107235,2377141708.496699,2023-06-19 14:24:12
202305,2023019,20230511,Sales & Revenue,Revenue,ALL,Postpaid,B2R000100,Postpaid Revenue,Y,Y,S,0,GYR,baht,M,91686984.0746,2468127332.706941,93258153.7032,2470399862.199899,2023-06-19 14:24:12
202305,2023019,20230512,Sales & Revenue,Revenue,ALL,Postpaid,B2R000100,Postpaid Revenue,Y,Y,S,0,GYR,baht,M,90891746.2142,2559019078.921141,93153132.2671,2563552994.466999,2023-06-19 14:24:12
202305,2023019,20230513,Sales & Revenue,Revenue,ALL,Postpaid,B2R000100,Postpaid Revenue,Y,Y,S,0,GYR,baht,M,505065404.9244754,3064084483.845617,504089644.57631445,3067642639.0433135,2023-06-19 14:24:12
202305,2023019,20230514,Sales & Revenue,Revenue,ALL,Postpaid,B2R000100,Postpaid Revenue,Y,Y,S,0,GYR,baht,M,84929800.3524,3149014284.1980166,86375883.0611,3154018522.1044135,2023-06-19 14:24:12
202305,2023020,20230515,Sales & Revenue,Revenue,ALL,Postpaid,B2R000100,Postpaid Revenue,Y,Y,S,0,GYR,baht,M,86662378.8968,3235676663.0948167,86380838.4932,3240399360.5976133,2023-06-19 14:24:12
202305,2023020,20230516,Sales & Revenue,Revenue,ALL,Postpaid,B2R000100,Postpaid Revenue,Y,Y,S,0,GYR,baht,M,469240509.3777409,3704917172.4725575,467778364.5235304,3708177725.121144,2023-06-19 14:24:12
202305,2023020,20230517,Sales & Revenue,Revenue,ALL,Postpaid,B2R000100,Postpaid Revenue,Y,Y,S,0,GYR,baht,M,86728901.3481,3791646073.8206577,87027678.1877,3795205403.308844,2023-06-19 14:24:12
202305,2023020,20230518,Sales & Revenue,Revenue,ALL,Postpaid,B2R000100,Postpaid Revenue,Y,Y,S,0,GYR,baht,M,88356435.1675,3880002508.9881577,88871633.9933,3884077037.302144,2023-06-19 14:24:12
202305,2023020,20230519,Sales & Revenue,Revenue,ALL,Postpaid,B2R000100,Postpaid Revenue,Y,Y,S,0,GYR,baht,M,460085535.40121275,4340088044.38937,464445813.99012583,4348522851.29227,2023-06-19 14:24:12
202305,2023020,20230520,Sales & Revenue,Revenue,ALL,Postpaid,B2R000100,Postpaid Revenue,Y,Y,S,0,GYR,baht,M,87144308.7687,4427232353.158071,88691148.1651,4437213999.45737,2023-06-19 14:24:12
202305,2023020,20230521,Sales & Revenue,Revenue,ALL,Postpaid,B2R000100,Postpaid Revenue,Y,Y,S,0,GYR,baht,M,87141981.3585,4514374334.51657,88948590.2514,4526162589.70877,2023-06-19 14:24:12
202305,2023021,20230522,Sales & Revenue,Revenue,ALL,Postpaid,B2R000100,Postpaid Revenue,Y,Y,S,0,GYR,baht,M,455501211.7568058,4969875546.273376,454841123.70369166,4981003713.412461,2023-06-19 14:24:12
202305,2023021,20230523,Sales & Revenue,Revenue,ALL,Postpaid,B2R000100,Postpaid Revenue,Y,Y,S,0,GYR,baht,M,86004965.193,5055880511.466376,87117821.9161,5068121535.328562,2023-06-19 14:24:12
202305,2023021,20230524,Sales & Revenue,Revenue,ALL,Postpaid,B2R000100,Postpaid Revenue,Y,Y,S,0,GYR,baht,M,86984990.592,5142865502.058376,87012731.5627,5155134266.891261,2023-06-19 14:24:12
202305,2023021,20230525,Sales & Revenue,Revenue,ALL,Postpaid,B2R000100,Postpaid Revenue,Y,Y,S,0,GYR,baht,M,459042087.75278187,5601907589.811158,458358744.4611041,5613493011.3523655,2023-06-19 14:24:12
202305,2023021,20230526,Sales & Revenue,Revenue,ALL,Postpaid,B2R000100,Postpaid Revenue,Y,Y,S,0,GYR,baht,M,99748572.5562,5701656162.367358,100577041.9058,5714070053.258165,2023-06-19 14:24:12
202305,2023021,20230527,Sales & Revenue,Revenue,ALL,Postpaid,B2R000100,Postpaid Revenue,Y,Y,S,0,GYR,baht,M,96596820.2393,5798252982.606658,99942587.6076,5814012640.865766,2023-06-19 14:24:12
202305,2023021,20230528,Sales & Revenue,Revenue,ALL,Postpaid,B2R000100,Postpaid Revenue,Y,Y,S,0,GYR,baht,M,465523063.4550598,6263776046.061718,486296527.0923538,6300309167.958119,2023-06-19 14:24:12
202305,2023022,20230529,Sales & Revenue,Revenue,ALL,Postpaid,B2R000100,Postpaid Revenue,Y,Y,S,0,GYR,baht,M,299939624.7937,6563715670.855418,297845771.2006,6598154939.158719,2023-06-19 14:24:12
202305,2023022,20230530,Sales & Revenue,Revenue,ALL,Postpaid,B2R000100,Postpaid Revenue,Y,Y,S,0,GYR,baht,M,5425468.4467,6569141139.302118,6257245.4733,6604412184.632019,2023-06-19 14:24:12
202305,2023022,20230531,Sales & Revenue,Revenue,ALL,Postpaid,B2R000100,Postpaid Revenue,Y,Y,S,0,GYR,baht,M,13528983.182799999,6582670122.484918,23645300.225183334,6628057484.857203,2023-06-19 14:24:12
202306,2023022,20230601,Sales & Revenue,Revenue,ALL,Postpaid,B2R000100,Postpaid Revenue,Y,Y,S,0,GYR,baht,M,9323647.2893,9323647.2893,7241705.46951,7241705.46951,2023-06-19 14:24:12
202306,2023022,20230602,Sales & Revenue,Revenue,ALL,Postpaid,B2R000100,Postpaid Revenue,Y,Y,S,0,GYR,baht,M,840610837.8882,849934485.1775,887433274.2302787,894674979.6997887,2023-06-19 14:24:12
202306,2023022,20230603,Sales & Revenue,Revenue,ALL,Postpaid,B2R000100,Postpaid Revenue,Y,Y,S,0,GYR,baht,M,97676928.8891,947611414.0666,99519025.870765,994194005.5705538,2023-06-19 14:24:12
202306,2023022,20230604,Sales & Revenue,Revenue,ALL,Postpaid,B2R000100,Postpaid Revenue,Y,Y,S,0,GYR,baht,M,97417087.8327,1045028501.8993,99066770.228502,1093260775.7990558,2023-06-19 14:24:12
202306,2023023,20230605,Sales & Revenue,Revenue,ALL,Postpaid,B2R000100,Postpaid Revenue,Y,Y,S,0,GYR,baht,M,94137850.4235,1139166352.3228,96836864.104626,1190097639.9036818,2023-06-19 14:24:12
202306,2023023,20230606,Sales & Revenue,Revenue,ALL,Postpaid,B2R000100,Postpaid Revenue,Y,Y,S,0,GYR,baht,M,331384904.45209986,1470551256.7749,336017156.3473789,1526114796.2510607,2023-06-19 14:24:12
202306,2023023,20230607,Sales & Revenue,Revenue,ALL,Postpaid,B2R000100,Postpaid Revenue,Y,Y,S,0,GYR,baht,M,94544733.3775,1565095990.1523998,95758184.048577,1621872980.2996376,2023-06-19 14:24:12
202306,2023023,20230608,Sales & Revenue,Revenue,ALL,Postpaid,B2R000100,Postpaid Revenue,Y,Y,S,0,GYR,baht,M,95178246.4801,1660274236.6325,94919962.251473,1716792942.5511105,2023-06-19 14:24:12
202306,2023023,20230609,Sales & Revenue,Revenue,ALL,Postpaid,B2R000100,Postpaid Revenue,Y,Y,S,0,GYR,baht,M,95268799.1471,1755543035.7796,93863218.382067,1810656160.9331777,2023-06-19 14:24:12
202306,2023023,20230610,Sales & Revenue,Revenue,ALL,Postpaid,B2R000100,Postpaid Revenue,Y,Y,S,0,GYR,baht,M,562068366.7636999,2317611402.5432997,592683572.4049094,2403339733.338087,2023-06-19 14:24:12
202306,2023023,20230611,Sales & Revenue,Revenue,ALL,Postpaid,B2R000100,Postpaid Revenue,Y,Y,S,0,GYR,baht,M,90600177.2158,2408211579.7591,96409062.593379,2499748795.931466,2023-06-19 14:24:12
202306,2023024,20230612,Sales & Revenue,Revenue,ALL,Postpaid,B2R000100,Postpaid Revenue,Y,Y,S,0,GYR,baht,M,89603211.8963,2497814791.6554,93599654.409903,2593348450.341369,2023-06-19 14:24:12
202306,2023024,20230613,Sales & Revenue,Revenue,ALL,Postpaid,B2R000100,Postpaid Revenue,Y,Y,S,0,GYR,baht,M,484881059.9920001,2982695851.6474,505155401.454616,3098503851.7959847,2023-06-19 14:24:12
202306,2023024,20230614,Sales & Revenue,Revenue,ALL,Postpaid,B2R000100,Postpaid Revenue,Y,Y,S,0,GYR,baht,M,84859190.798,3067555042.4453998,87204142.26302,3185707994.059005,2023-06-19 14:24:12
202306,2023024,20230615,Sales & Revenue,Revenue,ALL,Postpaid,B2R000100,Postpaid Revenue,Y,Y,S,0,GYR,baht,M,86517484.0163,3154072526.4617,87713181.753619,3273421175.812624,2023-06-19 14:24:12
202306,2023024,20230616,Sales & Revenue,Revenue,ALL,Postpaid,B2R000100,Postpaid Revenue,Y,Y,S,0,GYR,baht,M,452719016.81660014,3606791543.2783,468551243.20994467,3741972419.0225687,2023-06-19 14:24:12
202306,2023024,20230617,Sales & Revenue,Revenue,ALL,Postpaid,B2R000100,Postpaid Revenue,Y,Y,S,0,GYR,baht,M,,3606791543.2783,,3741972419.0225687,2023-06-19 14:24:12
202306,2023024,20230618,Sales & Revenue,Revenue,ALL,Postpaid,B2R000100,Postpaid Revenue,Y,Y,S,0,GYR,baht,M,,3606791543.2783,,3741972419.0225687,2023-06-19 14:24:12
202303,2023009,20230301,Sales & Revenue,Revenue,ALL,Prepaid,B1R000100,Prepaid Revenue,Y,Y,S,1,GYR,baht,M,142903623.8364927,142903623.8364927,127344567.25482905,127344567.25482905,2023-06-19 14:24:12
202303,2023009,20230302,Sales & Revenue,Revenue,ALL,Prepaid,B1R000100,Prepaid Revenue,Y,Y,S,1,GYR,baht,M,142671721.420362,285575345.2568547,126975594.54872905,254320161.8035581,2023-06-19 14:24:12
202303,2023009,20230303,Sales & Revenue,Revenue,ALL,Prepaid,B1R000100,Prepaid Revenue,Y,Y,S,1,GYR,baht,M,136347047.51234946,421922392.76920414,125247516.67842905,379567678.4819872,2023-06-19 14:24:12
202303,2023009,20230304,Sales & Revenue,Revenue,ALL,Prepaid,B1R000100,Prepaid Revenue,Y,Y,S,1,GYR,baht,M,125969083.91195838,547891476.6811626,123395044.23952906,502962722.7215162,2023-06-19 14:24:12
202303,2023009,20230305,Sales & Revenue,Revenue,ALL,Prepaid,B1R000100,Prepaid Revenue,Y,Y,S,1,GYR,baht,M,121999534.55759294,669891011.2387555,123256611.80962905,626219334.5311452,2023-06-19 14:24:12
202303,2023010,20230306,Sales & Revenue,Revenue,ALL,Prepaid,B1R000100,Prepaid Revenue,Y,Y,S,1,GYR,baht,M,117598196.80757326,787489208.0463288,122201381.97092906,748420716.5020744,2023-06-19 14:24:12
202303,2023010,20230307,Sales & Revenue,Revenue,ALL,Prepaid,B1R000100,Prepaid Revenue,Y,Y,S,1,GYR,baht,M,121828135.2089386,909317343.2552674,122056296.87662905,870477013.3787034,2023-06-19 14:24:12
202303,2023010,20230308,Sales & Revenue,Revenue,ALL,Prepaid,B1R000100,Prepaid Revenue,Y,Y,S,1,GYR,baht,M,120395552.96103942,1029712896.2163068,120674163.89192906,991151177.2706324,2023-06-19 14:24:12
202303,2023010,20230309,Sales & Revenue,Revenue,ALL,Prepaid,B1R000100,Prepaid Revenue,Y,Y,S,1,GYR,baht,M,115018474.6376691,1144731370.8539758,119231706.04832906,1110382883.3189614,2023-06-19 14:24:12
202303,2023010,20230310,Sales & Revenue,Revenue,ALL,Prepaid,B1R000100,Prepaid Revenue,Y,Y,S,1,GYR,baht,M,120829445.32747975,1265560816.1814556,120065440.77802905,1230448324.0969906,2023-06-19 14:24:12
202303,2023010,20230311,Sales & Revenue,Revenue,ALL,Prepaid,B1R000100,Prepaid Revenue,Y,Y,S,1,GYR,baht,M,113567534.23850462,1379128350.4199603,117676603.16912906,1348124927.2661195,2023-06-19 14:24:12
202303,2023010,20230312,Sales & Revenue,Revenue,ALL,Prepaid,B1R000100,Prepaid Revenue,Y,Y,S,1,GYR,baht,M,109884318.69225903,1489012669.1122193,116791978.00112906,1464916905.2672486,2023-06-19 14:24:12
202303,2023011,20230313,Sales & Revenue,Revenue,ALL,Prepaid,B1R000100,Prepaid Revenue,Y,Y,S,1,GYR,baht,M,111011461.02230561,1600024130.1345248,116156616.51712905,1581073521.7843778,2023-06-19 14:24:12
202303,2023011,20230314,Sales & Revenue,Revenue,ALL,Prepaid,B1R000100,Prepaid Revenue,Y,Y,S,1,GYR,baht,M,108342077.1934934,1708366207.3280182,115962806.24752906,1697036328.0319068,2023-06-19 14:24:12
202303,2023011,20230315,Sales & Revenue,Revenue,ALL,Prepaid,B1R000100,Prepaid Revenue,Y,Y,S,1,GYR,baht,M,112498466.30158478,1820864673.6296031,117514114.33992906,1814550442.3718357,2023-06-19 14:24:12
202303,2023011,20230316,Sales & Revenue,Revenue,ALL,Prepaid,B1R000100,Prepaid Revenue,Y,Y,S,1,GYR,baht,M,113271809.98924552,1934136483.6188486,117407156.56312905,1931957598.934965,2023-06-19 14:24:12
202303,2023011,20230317,Sales & Revenue,Revenue,ALL,Prepaid,B1R000100,Prepaid Revenue,Y,Y,S,1,GYR,baht,M,114383660.54199503,2048520144.1608436,117386325.92752905,2049343924.862494,2023-06-19 14:24:12
202303,2023011,20230318,Sales & Revenue,Revenue,ALL,Prepaid,B1R000100,Prepaid Revenue,Y,Y,S,1,GYR,baht,M,110601646.01316682,2159121790.1740103,116462134.75842905,2165806059.620923,2023-06-19 14:24:12
202303,2023011,20230319,Sales & Revenue,Revenue,ALL,Prepaid,B1R000100,Prepaid Revenue,Y,Y,S,1,GYR,baht,M,106691901.5985909,2265813691.772601,115658119.35842906,2281464178.979352,2023-06-19 14:24:12
202303,2023012,20230320,Sales & Revenue,Revenue,ALL,Prepaid,B1R000100,Prepaid Revenue,Y,Y,S,1,GYR,baht,M,113568271.18309575,2379381962.955697,116689040.50972906,2398153219.489081,2023-06-19 14:24:12
202303,2023012,20230321,Sales & Revenue,Revenue,ALL,Prepaid,B1R000100,Prepaid Revenue,Y,Y,S,1,GYR,baht,M,110116538.57029842,2489498501.5259953,116668747.88022906,2514821967.3693104,2023-06-19 14:24:12
202303,2023012,20230322,Sales & Revenue,Revenue,ALL,Prepaid,B1R000100,Prepaid Revenue,Y,Y,S,1,GYR,baht,M,112951101.9640554,2602449603.490051,115769609.73472905,2630591577.104039,2023-06-19 14:24:12
202303,2023012,20230323,Sales & Revenue,Revenue,ALL,Prepaid,B1R000100,Prepaid Revenue,Y,Y,S,1,GYR,baht,M,110673179.70695637,2713122783.197007,115080218.41372906,2745671795.5177684,2023-06-19 14:24:12
202303,2023012,20230324,Sales & Revenue,Revenue,ALL,Prepaid,B1R000100,Prepaid Revenue,Y,Y,S,1,GYR,baht,M,115599213.47279666,2828721996.669804,114251831.57242906,2859923627.090197,2023-06-19 14:24:12
202303,2023012,20230325,Sales & Revenue,Revenue,ALL,Prepaid,B1R000100,Prepaid Revenue,Y,Y,S,1,GYR,baht,M,113887707.62797429,2942609704.297778,115862286.80502905,2975785913.8952265,2023-06-19 14:24:12
202303,2023012,20230326,Sales & Revenue,Revenue,ALL,Prepaid,B1R000100,Prepaid Revenue,Y,Y,S,1,GYR,baht,M,112578315.77464381,3055188020.072422,115055278.28032905,3090841192.175555,2023-06-19 14:24:12
202303,2023013,20230327,Sales & Revenue,Revenue,ALL,Prepaid,B1R000100,Prepaid Revenue,Y,Y,S,1,GYR,baht,M,115312963.87647627,3170500983.9488983,116057470.79352905,3206898662.9690843,2023-06-19 14:24:12
202303,2023013,20230328,Sales & Revenue,Revenue,ALL,Prepaid,B1R000100,Prepaid Revenue,Y,Y,S,1,GYR,baht,M,121571194.68970864,3292072178.638607,117592594.63422905,3324491257.6033134,2023-06-19 14:24:12
202303,2023013,20230329,Sales & Revenue,Revenue,ALL,Prepaid,B1R000100,Prepaid Revenue,Y,Y,S,1,GYR,baht,M,118969566.25135686,3411041744.8899636,120026815.64312905,3444518073.246443,2023-06-19 14:24:12
202303,2023013,20230330,Sales & Revenue,Revenue,ALL,Prepaid,B1R000100,Prepaid Revenue,Y,Y,S,1,GYR,baht,M,127855214.78185654,3538896959.67182,124161341.58872905,3568679414.8351717,2023-06-19 14:24:12
202303,2023013,20230331,Sales & Revenue,Revenue,ALL,Prepaid,B1R000100,Prepaid Revenue,Y,Y,S,1,GYR,baht,M,144650658.18895683,3683547617.860777,129157999.47672905,3697837414.3119006,2023-06-19 14:24:12
202304,2023013,20230401,Sales & Revenue,Revenue,ALL,Prepaid,B1R000100,Prepaid Revenue,Y,Y,S,1,GYR,baht,M,142045993.7397341,142045993.7397341,130034340.78743333,130034340.78743333,2023-06-19 14:24:12
202304,2023013,20230402,Sales & Revenue,Revenue,ALL,Prepaid,B1R000100,Prepaid Revenue,Y,Y,S,1,GYR,baht,M,131827217.02279828,273873210.7625324,124820342.87443332,254854683.66186664,2023-06-19 14:24:12
202304,2023014,20230403,Sales & Revenue,Revenue,ALL,Prepaid,B1R000100,Prepaid Revenue,Y,Y,S,1,GYR,baht,M,129750362.0003766,403623572.762909,124532096.00293332,379386779.6647999,2023-06-19 14:24:12
202304,2023014,20230404,Sales & Revenue,Revenue,ALL,Prepaid,B1R000100,Prepaid Revenue,Y,Y,S,1,GYR,baht,M,123744376.6534699,527367949.4163789,124863631.33263332,504250410.9974333,2023-06-19 14:24:12
202304,2023014,20230405,Sales & Revenue,Revenue,ALL,Prepaid,B1R000100,Prepaid Revenue,Y,Y,S,1,GYR,baht,M,125986105.21645486,653354054.6328337,126092604.75563332,630343015.7530665,2023-06-19 14:24:12
202304,2023014,20230406,Sales & Revenue,Revenue,ALL,Prepaid,B1R000100,Prepaid Revenue,Y,Y,S,1,GYR,baht,M,120318612.83108717,773672667.463921,124343525.32423332,754686541.0773,2023-06-19 14:24:12
202304,2023014,20230407,Sales & Revenue,Revenue,ALL,Prepaid,B1R000100,Prepaid Revenue,Y,Y,S,1,GYR,baht,M,118565175.36921006,892237842.833131,122869979.22933333,877556520.3066332,2023-06-19 14:24:12
202304,2023014,20230408,Sales & Revenue,Revenue,ALL,Prepaid,B1R000100,Prepaid Revenue,Y,Y,S,1,GYR,baht,M,114153523.01406966,1006391365.8472006,122893730.87573332,1000450251.1823666,2023-06-19 14:24:12
202304,2023014,20230409,Sales & Revenue,Revenue,ALL,Prepaid,B1R000100,Prepaid Revenue,Y,Y,S,1,GYR,baht,M,113254668.12620813,1119646033.9734087,121856034.67833331,1122306285.8607,2023-06-19 14:24:12
202304,2023015,20230410,Sales & Revenue,Revenue,ALL,Prepaid,B1R000100,Prepaid Revenue,Y,Y,S,1,GYR,baht,M,122147400.64278331,1241793434.616192,121640487.88743332,1243946773.7481332,2023-06-19 14:24:12
202304,2023015,20230411,Sales & Revenue,Revenue,ALL,Prepaid,B1R000100,Prepaid Revenue,Y,Y,S,1,GYR,baht,M,120006058.62836464,1361799493.2445567,122256560.73143332,1366203334.4795666,2023-06-19 14:24:12
202304,2023015,20230412,Sales & Revenue,Revenue,ALL,Prepaid,B1R000100,Prepaid Revenue,Y,Y,S,1,GYR,baht,M,122596295.71374385,1484395788.9583006,123954405.54913332,1490157740.0286999,2023-06-19 14:24:12
202304,2023015,20230413,Sales & Revenue,Revenue,ALL,Prepaid,B1R000100,Prepaid Revenue,Y,Y,S,1,GYR,baht,M,111968975.34411907,1596364764.3024197,121141799.77483332,1611299539.803533,2023-06-19 14:24:12
202304,2023015,20230414,Sales & Revenue,Revenue,ALL,Prepaid,B1R000100,Prepaid Revenue,Y,Y,S,1,GYR,baht,M,106346682.48260596,1702711446.7850256,117997937.25383332,1729297477.0573664,2023-06-19 14:24:12
202304,2023015,20230415,Sales & Revenue,Revenue,ALL,Prepaid,B1R000100,Prepaid Revenue,Y,Y,S,1,GYR,baht,M,104217888.41731337,1806929335.202339,118243684.61863331,1847541161.6759999,2023-06-19 14:24:12
202304,2023015,20230416,Sales & Revenue,Revenue,ALL,Prepaid,B1R000100,Prepaid Revenue,Y,Y,S,1,GYR,baht,M,108391640.00420906,1915320975.206548,118482350.65243332,1966023512.328433,2023-06-19 14:24:12
202304,2023016,20230417,Sales & Revenue,Revenue,ALL,Prepaid,B1R000100,Prepaid Revenue,Y,Y,S,1,GYR,baht,M,112463486.36304933,2027784461.5695975,117250116.21443331,2083273628.5428665,2023-06-19 14:24:12
202304,2023016,20230418,Sales & Revenue,Revenue,ALL,Prepaid,B1R000100,Prepaid Revenue,Y,Y,S,1,GYR,baht,M,112709155.38756056,2140493616.9571579,118430096.56303331,2201703725.1059,2023-06-19 14:24:12
202304,2023016,20230419,Sales & Revenue,Revenue,ALL,Prepaid,B1R000100,Prepaid Revenue,Y,Y,S,1,GYR,baht,M,113040193.20342234,2253533810.16058,119028751.57303332,2320732476.678933,2023-06-19 14:24:12
202304,2023016,20230420,Sales & Revenue,Revenue,ALL,Prepaid,B1R000100,Prepaid Revenue,Y,Y,S,1,GYR,baht,M,117057115.8123699,2370590925.97295,119606728.38883331,2440339205.067766,2023-06-19 14:24:12
202304,2023016,20230421,Sales & Revenue,Revenue,ALL,Prepaid,B1R000100,Prepaid Revenue,Y,Y,S,1,GYR,baht,M,116989325.19068408,2487580251.1636343,118216371.03193332,2558555576.0996995,2023-06-19 14:24:12
202304,2023016,20230422,Sales & Revenue,Revenue,ALL,Prepaid,B1R000100,Prepaid Revenue,Y,Y,S,1,GYR,baht,M,111797257.60815391,2599377508.771788,117116541.31923331,2675672117.418933,2023-06-19 14:24:12
202304,2023016,20230423,Sales & Revenue,Revenue,ALL,Prepaid,B1R000100,Prepaid Revenue,Y,Y,S,1,GYR,baht,M,108819253.89170893,2708196762.663497,116327680.29323332,2791999797.7121663,2023-06-19 14:24:12
202304,2023017,20230424,Sales & Revenue,Revenue,ALL,Prepaid,B1R000100,Prepaid Revenue,Y,Y,S,1,GYR,baht,M,116412079.01148981,2824608841.674987,116638438.07103331,2908638235.7832,2023-06-19 14:24:12
202304,2023017,20230425,Sales & Revenue,Revenue,ALL,Prepaid,B1R000100,Prepaid Revenue,Y,Y,S,1,GYR,baht,M,122087260.5884966,2946696102.2634835,118255154.34313332,3026893390.1263328,2023-06-19 14:24:12
202304,2023017,20230426,Sales & Revenue,Revenue,ALL,Prepaid,B1R000100,Prepaid Revenue,Y,Y,S,1,GYR,baht,M,116704016.38768597,3063400118.6511693,118029771.25553332,3144923161.3818665,2023-06-19 14:24:12
202304,2023017,20230427,Sales & Revenue,Revenue,ALL,Prepaid,B1R000100,Prepaid Revenue,Y,Y,S,1,GYR,baht,M,118003266.12486386,3181403384.7760334,118127680.23893332,3263050841.6207995,2023-06-19 14:24:12
202304,2023017,20230428,Sales & Revenue,Revenue,ALL,Prepaid,B1R000100,Prepaid Revenue,Y,Y,S,1,GYR,baht,M,131585343.57413524,3312988728.3501687,118414197.39743333,3381465039.018233,2023-06-19 14:24:12
202304,2023017,20230429,Sales & Revenue,Revenue,ALL,Prepaid,B1R000100,Prepaid Revenue,Y,Y,S,1,GYR,baht,M,132651943.22281305,3445640671.572982,128442807.78623332,3509907846.8044662,2023-06-19 14:24:12
202304,2023017,20230430,Sales & Revenue,Revenue,ALL,Prepaid,B1R000100,Prepaid Revenue,Y,Y,S,1,GYR,baht,M,139036649.52369183,3584677321.0966735,129468893.09573331,3639376739.9001994,2023-06-19 14:24:12
202305,2023018,20230501,Sales & Revenue,Revenue,ALL,Prepaid,B1R000100,Prepaid Revenue,Y,Y,S,1,GYR,baht,M,141476138.18647322,141476138.18647322,127875477.22097744,127875477.22097744,2023-06-19 14:24:12
202305,2023018,20230502,Sales & Revenue,Revenue,ALL,Prepaid,B1R000100,Prepaid Revenue,Y,Y,S,1,GYR,baht,M,135485931.39351884,276962069.57999206,124389182.74137744,252264659.96235487,2023-06-19 14:24:12
202305,2023018,20230503,Sales & Revenue,Revenue,ALL,Prepaid,B1R000100,Prepaid Revenue,Y,Y,S,1,GYR,baht,M,130480699.54920638,407442769.12919843,122833331.66197744,375097991.6243323,2023-06-19 14:24:12
202305,2023018,20230504,Sales & Revenue,Revenue,ALL,Prepaid,B1R000100,Prepaid Revenue,Y,Y,S,1,GYR,baht,M,120870596.5801602,528313365.70935863,121965262.24917744,497063253.87350976,2023-06-19 14:24:12
202305,2023018,20230505,Sales & Revenue,Revenue,ALL,Prepaid,B1R000100,Prepaid Revenue,Y,Y,S,1,GYR,baht,M,121958091.4733089,650271457.1826675,123774126.72087744,620837380.5943872,2023-06-19 14:24:12
202305,2023018,20230506,Sales & Revenue,Revenue,ALL,Prepaid,B1R000100,Prepaid Revenue,Y,Y,S,1,GYR,baht,M,118533789.6674425,768805246.85011,122403310.65897743,743240691.2533646,2023-06-19 14:24:12
202305,2023018,20230507,Sales & Revenue,Revenue,ALL,Prepaid,B1R000100,Prepaid Revenue,Y,Y,S,1,GYR,baht,M,113171801.85274392,881977048.7028539,119006047.90407744,862246739.1574421,2023-06-19 14:24:12
202305,2023019,20230508,Sales & Revenue,Revenue,ALL,Prepaid,B1R000100,Prepaid Revenue,Y,Y,S,1,GYR,baht,M,116668185.13135801,998645233.834212,118858752.58377744,981105491.7412195,2023-06-19 14:24:12
202305,2023019,20230509,Sales & Revenue,Revenue,ALL,Prepaid,B1R000100,Prepaid Revenue,Y,Y,S,1,GYR,baht,M,114295486.08146472,1112940719.9156768,118754963.13967744,1099860454.8808968,2023-06-19 14:24:12
202305,2023019,20230510,Sales & Revenue,Revenue,ALL,Prepaid,B1R000100,Prepaid Revenue,Y,Y,S,1,GYR,baht,M,121511888.62122472,1234452608.5369015,119149534.70367743,1219009989.5845745,2023-06-19 14:24:12
202305,2023019,20230511,Sales & Revenue,Revenue,ALL,Prepaid,B1R000100,Prepaid Revenue,Y,Y,S,1,GYR,baht,M,116711121.49244861,1351163730.02935,117185326.76377743,1336195316.3483517,2023-06-19 14:24:12
202305,2023019,20230512,Sales & Revenue,Revenue,ALL,Prepaid,B1R000100,Prepaid Revenue,Y,Y,S,1,GYR,baht,M,115993782.16289136,1467157512.1922414,116326905.33807744,1452522221.6864293,2023-06-19 14:24:12
202305,2023019,20230513,Sales & Revenue,Revenue,ALL,Prepaid,B1R000100,Prepaid Revenue,Y,Y,S,1,GYR,baht,M,114494767.60881464,1581652279.8010561,114595679.13237743,1567117900.8188066,2023-06-19 14:24:12
202305,2023019,20230514,Sales & Revenue,Revenue,ALL,Prepaid,B1R000100,Prepaid Revenue,Y,Y,S,1,GYR,baht,M,115153106.3489661,1696805386.1500223,115534668.70217744,1682652569.5209842,2023-06-19 14:24:12
202305,2023020,20230515,Sales & Revenue,Revenue,ALL,Prepaid,B1R000100,Prepaid Revenue,Y,Y,S,1,GYR,baht,M,124477675.93452145,1821283062.0845437,116507310.88677743,1799159880.4077616,2023-06-19 14:24:12
202305,2023020,20230516,Sales & Revenue,Revenue,ALL,Prepaid,B1R000100,Prepaid Revenue,Y,Y,S,1,GYR,baht,M,118856853.73134658,1940139915.81589,117234176.22807744,1916394056.635839,2023-06-19 14:24:12
202305,2023020,20230517,Sales & Revenue,Revenue,ALL,Prepaid,B1R000100,Prepaid Revenue,Y,Y,S,1,GYR,baht,M,112643846.74687648,2052783762.5627666,119029237.37697743,2035423294.0128164,2023-06-19 14:24:12
202305,2023020,20230518,Sales & Revenue,Revenue,ALL,Prepaid,B1R000100,Prepaid Revenue,Y,Y,S,1,GYR,baht,M,114779752.76719883,2167563515.3299656,116388711.37777744,2151812005.390594,2023-06-19 14:24:12
202305,2023020,20230519,Sales & Revenue,Revenue,ALL,Prepaid,B1R000100,Prepaid Revenue,Y,Y,S,1,GYR,baht,M,111867042.77981289,2279430558.1097784,115421743.61087744,2267233749.0014715,2023-06-19 14:24:12
202305,2023020,20230520,Sales & Revenue,Revenue,ALL,Prepaid,B1R000100,Prepaid Revenue,Y,Y,S,1,GYR,baht,M,114401559.36908859,2393832117.478867,116931593.60137744,2384165342.6028485,2023-06-19 14:24:12
202305,2023020,20230521,Sales & Revenue,Revenue,ALL,Prepaid,B1R000100,Prepaid Revenue,Y,Y,S,1,GYR,baht,M,112641938.42689803,2506474055.905765,118235940.61007744,2502401283.2129264,2023-06-19 14:24:12
202305,2023021,20230522,Sales & Revenue,Revenue,ALL,Prepaid,B1R000100,Prepaid Revenue,Y,Y,S,1,GYR,baht,M,117088261.39345565,2623562317.2992206,116869811.78957744,2619271095.0025034,2023-06-19 14:24:12
202305,2023021,20230523,Sales & Revenue,Revenue,ALL,Prepaid,B1R000100,Prepaid Revenue,Y,Y,S,1,GYR,baht,M,111981141.92754701,2735543459.2267675,116716574.47617744,2735987669.478681,2023-06-19 14:24:12
202305,2023021,20230524,Sales & Revenue,Revenue,ALL,Prepaid,B1R000100,Prepaid Revenue,Y,Y,S,1,GYR,baht,M,113668008.60097416,2849211467.8277416,116090877.44537744,2852078546.9240584,2023-06-19 14:24:12
202305,2023021,20230525,Sales & Revenue,Revenue,ALL,Prepaid,B1R000100,Prepaid Revenue,Y,Y,S,1,GYR,baht,M,120851115.46732864,2970062583.2950706,115952255.09257744,2968030802.016636,2023-06-19 14:24:12
202305,2023021,20230526,Sales & Revenue,Revenue,ALL,Prepaid,B1R000100,Prepaid Revenue,Y,Y,S,1,GYR,baht,M,120593038.36272363,3090655621.657794,116812008.70387743,3084842810.7205133,2023-06-19 14:24:12
202305,2023021,20230527,Sales & Revenue,Revenue,ALL,Prepaid,B1R000100,Prepaid Revenue,Y,Y,S,1,GYR,baht,M,116778286.4613527,3207433908.119147,116647437.77247743,3201490248.492991,2023-06-19 14:24:12
202305,2023021,20230528,Sales & Revenue,Revenue,ALL,Prepaid,B1R000100,Prepaid Revenue,Y,Y,S,1,GYR,baht,M,116739307.22468083,3324173215.3438277,115589858.57537743,3317080107.0683684,2023-06-19 14:24:12
202305,2023022,20230529,Sales & Revenue,Revenue,ALL,Prepaid,B1R000100,Prepaid Revenue,Y,Y,S,1,GYR,baht,M,125737023.00248978,3449910238.3463173,118698001.73157744,3435778108.799946,2023-06-19 14:24:12
202305,2023022,20230530,Sales & Revenue,Revenue,ALL,Prepaid,B1R000100,Prepaid Revenue,Y,Y,S,1,GYR,baht,M,130212011.01906647,3580122249.365384,122059115.62827744,3557837224.428223,2023-06-19 14:24:12
202305,2023022,20230531,Sales & Revenue,Revenue,ALL,Prepaid,B1R000100,Prepaid Revenue,Y,Y,S,1,GYR,baht,M,153619717.9174447,3733741967.282829,127741255.43607743,3685578479.8643007,2023-06-19 14:24:12
202306,2023022,20230601,Sales & Revenue,Revenue,ALL,Prepaid,B1R000100,Prepaid Revenue,Y,Y,S,1,GYR,baht,M,145980541.7618606,145980541.7618606,129880082.4880593,129880082.4880593,2023-06-19 14:24:12
202306,2023022,20230602,Sales & Revenue,Revenue,ALL,Prepaid,B1R000100,Prepaid Revenue,Y,Y,S,1,GYR,baht,M,138718686.20625103,284699227.96811163,127078844.6118843,256958927.0999436,2023-06-19 14:24:12
202306,2023022,20230603,Sales & Revenue,Revenue,ALL,Prepaid,B1R000100,Prepaid Revenue,Y,Y,S,1,GYR,baht,M,129269068.85453942,413968296.8226511,124539945.5296603,381498872.6296039,2023-06-19 14:24:12
202306,2023022,20230604,Sales & Revenue,Revenue,ALL,Prepaid,B1R000100,Prepaid Revenue,Y,Y,S,1,GYR,baht,M,119263477.93375316,533231774.7564042,123392006.9046693,504890879.5342732,2023-06-19 14:24:12
202306,2023023,20230605,Sales & Revenue,Revenue,ALL,Prepaid,B1R000100,Prepaid Revenue,Y,Y,S,1,GYR,baht,M,122513454.8605963,655745229.6170005,124236037.02323431,629126916.5575075,2023-06-19 14:24:12
202306,2023023,20230606,Sales & Revenue,Revenue,ALL,Prepaid,B1R000100,Prepaid Revenue,Y,Y,S,1,GYR,baht,M,123949853.71866715,779695083.3356677,125568204.0874623,754695120.6449698,2023-06-19 14:24:12
202306,2023023,20230607,Sales & Revenue,Revenue,ALL,Prepaid,B1R000100,Prepaid Revenue,Y,Y,S,1,GYR,baht,M,118612708.11687715,898307791.4525448,124086145.1582873,878781265.8032571,2023-06-19 14:24:12
202306,2023023,20230608,Sales & Revenue,Revenue,ALL,Prepaid,B1R000100,Prepaid Revenue,Y,Y,S,1,GYR,baht,M,117597551.83240901,1015905343.2849538,121864807.5355553,1000646073.3388125,2023-06-19 14:24:12
202306,2023023,20230609,Sales & Revenue,Revenue,ALL,Prepaid,B1R000100,Prepaid Revenue,Y,Y,S,1,GYR,baht,M,121709014.16559717,1137614357.450551,120318553.2994033,1120964626.6382158,2023-06-19 14:24:12
202306,2023023,20230610,Sales & Revenue,Revenue,ALL,Prepaid,B1R000100,Prepaid Revenue,Y,Y,S,1,GYR,baht,M,117467958.21797755,1255082315.6685286,120983810.83876531,1241948437.476981,2023-06-19 14:24:12
202306,2023023,20230611,Sales & Revenue,Revenue,ALL,Prepaid,B1R000100,Prepaid Revenue,Y,Y,S,1,GYR,baht,M,112879403.16092607,1367961718.8294547,119472170.7257723,1361420608.2027533,2023-06-19 14:24:12
202306,2023024,20230612,Sales & Revenue,Revenue,ALL,Prepaid,B1R000100,Prepaid Revenue,Y,Y,S,1,GYR,baht,M,116995643.67223722,1484957362.5016918,118564330.0898083,1479984938.2925615,2023-06-19 14:24:12
202306,2023024,20230613,Sales & Revenue,Revenue,ALL,Prepaid,B1R000100,Prepaid Revenue,Y,Y,S,1,GYR,baht,M,113137783.81716885,1598095146.3188608,119315011.8515403,1599299950.1441019,2023-06-19 14:24:12
202306,2023024,20230614,Sales & Revenue,Revenue,ALL,Prepaid,B1R000100,Prepaid Revenue,Y,Y,S,1,GYR,baht,M,115117218.82309324,1713212365.141954,118421443.8539373,1717721393.9980392,2023-06-19 14:24:12
202306,2023024,20230615,Sales & Revenue,Revenue,ALL,Prepaid,B1R000100,Prepaid Revenue,Y,Y,S,1,GYR,baht,M,116237416.65153879,1829449781.7934928,120454061.0143033,1838175455.0123425,2023-06-19 14:24:12
202306,2023024,20230616,Sales & Revenue,Revenue,ALL,Prepaid,B1R000100,Prepaid Revenue,Y,Y,S,1,GYR,baht,M,119143319.88892661,1948593101.6824193,122378301.9128503,1960553756.9251928,2023-06-19 14:24:12
202306,2023024,20230617,Sales & Revenue,Revenue,ALL,Prepaid,B1R000100,Prepaid Revenue,Y,Y,S,1,GYR,baht,M,,1948593101.6824193,,1960553756.9251928,2023-06-19 14:24:12
202306,2023024,20230618,Sales & Revenue,Revenue,ALL,Prepaid,B1R000100,Prepaid Revenue,Y,Y,S,1,GYR,baht,M,,1948593101.6824193,,1960553756.9251928,2023-06-19 14:24:12
202303,2023009,20230301,New S-Curve,Revenue,TRUE,TDG,TNSC00142,TDG Revenue (Performance View),Y,Y,N,0,GYR,baht,M,,,,,2023-06-19 14:24:12
202303,2023009,20230302,New S-Curve,Revenue,TRUE,TDG,TNSC00142,TDG Revenue (Performance View),Y,Y,N,0,GYR,baht,M,,,,,2023-06-19 14:24:12
202303,2023009,20230303,New S-Curve,Revenue,TRUE,TDG,TNSC00142,TDG Revenue (Performance View),Y,Y,N,0,GYR,baht,M,,,,,2023-06-19 14:24:12
202303,2023009,20230304,New S-Curve,Revenue,TRUE,TDG,TNSC00142,TDG Revenue (Performance View),Y,Y,N,0,GYR,baht,M,,,,,2023-06-19 14:24:12
202303,2023009,20230305,New S-Curve,Revenue,TRUE,TDG,TNSC00142,TDG Revenue (Performance View),Y,Y,N,0,GYR,baht,M,,,,,2023-06-19 14:24:12
202303,2023010,20230306,New S-Curve,Revenue,TRUE,TDG,TNSC00142,TDG Revenue (Performance View),Y,Y,N,0,GYR,baht,M,573737201.2,573737201.2,522000000.0,522000000.0,2023-06-19 14:24:12
202303,2023010,20230307,New S-Curve,Revenue,TRUE,TDG,TNSC00142,TDG Revenue (Performance View),Y,Y,N,0,GYR,baht,M,,573737201.2,,522000000.0,2023-06-19 14:24:12
202303,2023010,20230308,New S-Curve,Revenue,TRUE,TDG,TNSC00142,TDG Revenue (Performance View),Y,Y,N,0,GYR,baht,M,,573737201.2,,522000000.0,2023-06-19 14:24:12
202303,2023010,20230309,New S-Curve,Revenue,TRUE,TDG,TNSC00142,TDG Revenue (Performance View),Y,Y,N,0,GYR,baht,M,,573737201.2,,522000000.0,2023-06-19 14:24:12
202303,2023010,20230310,New S-Curve,Revenue,TRUE,TDG,TNSC00142,TDG Revenue (Performance View),Y,Y,N,0,GYR,baht,M,,573737201.2,,522000000.0,2023-06-19 14:24:12
202303,2023010,20230311,New S-Curve,Revenue,TRUE,TDG,TNSC00142,TDG Revenue (Performance View),Y,Y,N,0,GYR,baht,M,,573737201.2,,522000000.0,2023-06-19 14:24:12
202303,2023010,20230312,New S-Curve,Revenue,TRUE,TDG,TNSC00142,TDG Revenue (Performance View),Y,Y,N,0,GYR,baht,M,,573737201.2,,522000000.0,2023-06-19 14:24:12
202303,2023011,20230313,New S-Curve,Revenue,TRUE,TDG,TNSC00142,TDG Revenue (Performance View),Y,Y,N,0,GYR,baht,M,573737201.2,573737201.2,522000000.0,522000000.0,2023-06-19 14:24:12
202303,2023011,20230314,New S-Curve,Revenue,TRUE,TDG,TNSC00142,TDG Revenue (Performance View),Y,Y,N,0,GYR,baht,M,,573737201.2,,522000000.0,2023-06-19 14:24:12
202303,2023011,20230315,New S-Curve,Revenue,TRUE,TDG,TNSC00142,TDG Revenue (Performance View),Y,Y,N,0,GYR,baht,M,,573737201.2,,522000000.0,2023-06-19 14:24:12
202303,2023011,20230316,New S-Curve,Revenue,TRUE,TDG,TNSC00142,TDG Revenue (Performance View),Y,Y,N,0,GYR,baht,M,,573737201.2,,522000000.0,2023-06-19 14:24:12
202303,2023011,20230317,New S-Curve,Revenue,TRUE,TDG,TNSC00142,TDG Revenue (Performance View),Y,Y,N,0,GYR,baht,M,,573737201.2,,522000000.0,2023-06-19 14:24:12
202303,2023011,20230318,New S-Curve,Revenue,TRUE,TDG,TNSC00142,TDG Revenue (Performance View),Y,Y,N,0,GYR,baht,M,,573737201.2,,522000000.0,2023-06-19 14:24:12
202303,2023011,20230319,New S-Curve,Revenue,TRUE,TDG,TNSC00142,TDG Revenue (Performance View),Y,Y,N,0,GYR,baht,M,,573737201.2,,522000000.0,2023-06-19 14:24:12
202303,2023012,20230320,New S-Curve,Revenue,TRUE,TDG,TNSC00142,TDG Revenue (Performance View),Y,Y,N,0,GYR,baht,M,573737201.2,573737201.2,522000000.0,522000000.0,2023-06-19 14:24:12
202303,2023012,20230321,New S-Curve,Revenue,TRUE,TDG,TNSC00142,TDG Revenue (Performance View),Y,Y,N,0,GYR,baht,M,,573737201.2,,522000000.0,2023-06-19 14:24:12
202303,2023012,20230322,New S-Curve,Revenue,TRUE,TDG,TNSC00142,TDG Revenue (Performance View),Y,Y,N,0,GYR,baht,M,,573737201.2,,522000000.0,2023-06-19 14:24:12
202303,2023012,20230323,New S-Curve,Revenue,TRUE,TDG,TNSC00142,TDG Revenue (Performance View),Y,Y,N,0,GYR,baht,M,,573737201.2,,522000000.0,2023-06-19 14:24:12
202303,2023012,20230324,New S-Curve,Revenue,TRUE,TDG,TNSC00142,TDG Revenue (Performance View),Y,Y,N,0,GYR,baht,M,,573737201.2,,522000000.0,2023-06-19 14:24:12
202303,2023012,20230325,New S-Curve,Revenue,TRUE,TDG,TNSC00142,TDG Revenue (Performance View),Y,Y,N,0,GYR,baht,M,,573737201.2,,522000000.0,2023-06-19 14:24:12
202303,2023012,20230326,New S-Curve,Revenue,TRUE,TDG,TNSC00142,TDG Revenue (Performance View),Y,Y,N,0,GYR,baht,M,,573737201.2,,522000000.0,2023-06-19 14:24:12
202303,2023013,20230327,New S-Curve,Revenue,TRUE,TDG,TNSC00142,TDG Revenue (Performance View),Y,Y,N,0,GYR,baht,M,573737201.2,573737201.2,522000000.0,522000000.0,2023-06-19 14:24:12
202303,2023013,20230328,New S-Curve,Revenue,TRUE,TDG,TNSC00142,TDG Revenue (Performance View),Y,Y,N,0,GYR,baht,M,,573737201.2,,522000000.0,2023-06-19 14:24:12
202303,2023013,20230329,New S-Curve,Revenue,TRUE,TDG,TNSC00142,TDG Revenue (Performance View),Y,Y,N,0,GYR,baht,M,,573737201.2,,522000000.0,2023-06-19 14:24:12
202303,2023013,20230330,New S-Curve,Revenue,TRUE,TDG,TNSC00142,TDG Revenue (Performance View),Y,Y,N,0,GYR,baht,M,,573737201.2,,522000000.0,2023-06-19 14:24:12
202303,2023013,20230331,New S-Curve,Revenue,TRUE,TDG,TNSC00142,TDG Revenue (Performance View),Y,Y,N,0,GYR,baht,M,,573737201.2,,522000000.0,2023-06-19 14:24:12
202304,2023013,20230401,New S-Curve,Revenue,TRUE,TDG,TNSC00142,TDG Revenue (Performance View),Y,Y,N,0,GYR,baht,M,,,,,2023-06-19 14:24:12
202304,2023013,20230402,New S-Curve,Revenue,TRUE,TDG,TNSC00142,TDG Revenue (Performance View),Y,Y,N,0,GYR,baht,M,,,,,2023-06-19 14:24:12
202304,2023014,20230403,New S-Curve,Revenue,TRUE,TDG,TNSC00142,TDG Revenue (Performance View),Y,Y,N,0,GYR,baht,M,515193130.1,515193130.1,535000000.0,535000000.0,2023-06-19 14:24:12
202304,2023014,20230404,New S-Curve,Revenue,TRUE,TDG,TNSC00142,TDG Revenue (Performance View),Y,Y,N,0,GYR,baht,M,,515193130.1,,535000000.0,2023-06-19 14:24:12
202304,2023014,20230405,New S-Curve,Revenue,TRUE,TDG,TNSC00142,TDG Revenue (Performance View),Y,Y,N,0,GYR,baht,M,,515193130.1,,535000000.0,2023-06-19 14:24:12
202304,2023014,20230406,New S-Curve,Revenue,TRUE,TDG,TNSC00142,TDG Revenue (Performance View),Y,Y,N,0,GYR,baht,M,,515193130.1,,535000000.0,2023-06-19 14:24:12
202304,2023014,20230407,New S-Curve,Revenue,TRUE,TDG,TNSC00142,TDG Revenue (Performance View),Y,Y,N,0,GYR,baht,M,,515193130.1,,535000000.0,2023-06-19 14:24:12
202304,2023014,20230408,New S-Curve,Revenue,TRUE,TDG,TNSC00142,TDG Revenue (Performance View),Y,Y,N,0,GYR,baht,M,,515193130.1,,535000000.0,2023-06-19 14:24:12
202304,2023014,20230409,New S-Curve,Revenue,TRUE,TDG,TNSC00142,TDG Revenue (Performance View),Y,Y,N,0,GYR,baht,M,,515193130.1,,535000000.0,2023-06-19 14:24:12
202304,2023015,20230410,New S-Curve,Revenue,TRUE,TDG,TNSC00142,TDG Revenue (Performance View),Y,Y,N,0,GYR,baht,M,515193130.1,515193130.1,535000000.0,535000000.0,2023-06-19 14:24:12
202304,2023015,20230411,New S-Curve,Revenue,TRUE,TDG,TNSC00142,TDG Revenue (Performance View),Y,Y,N,0,GYR,baht,M,,515193130.1,,535000000.0,2023-06-19 14:24:12
202304,2023015,20230412,New S-Curve,Revenue,TRUE,TDG,TNSC00142,TDG Revenue (Performance View),Y,Y,N,0,GYR,baht,M,,515193130.1,,535000000.0,2023-06-19 14:24:12
202304,2023015,20230413,New S-Curve,Revenue,TRUE,TDG,TNSC00142,TDG Revenue (Performance View),Y,Y,N,0,GYR,baht,M,,515193130.1,,535000000.0,2023-06-19 14:24:12
202304,2023015,20230414,New S-Curve,Revenue,TRUE,TDG,TNSC00142,TDG Revenue (Performance View),Y,Y,N,0,GYR,baht,M,,515193130.1,,535000000.0,2023-06-19 14:24:12
202304,2023015,20230415,New S-Curve,Revenue,TRUE,TDG,TNSC00142,TDG Revenue (Performance View),Y,Y,N,0,GYR,baht,M,,515193130.1,,535000000.0,2023-06-19 14:24:12
202304,2023015,20230416,New S-Curve,Revenue,TRUE,TDG,TNSC00142,TDG Revenue (Performance View),Y,Y,N,0,GYR,baht,M,,515193130.1,,535000000.0,2023-06-19 14:24:12
202304,2023016,20230417,New S-Curve,Revenue,TRUE,TDG,TNSC00142,TDG Revenue (Performance View),Y,Y,N,0,GYR,baht,M,515193130.1,515193130.1,535000000.0,535000000.0,2023-06-19 14:24:12
202304,2023016,20230418,New S-Curve,Revenue,TRUE,TDG,TNSC00142,TDG Revenue (Performance View),Y,Y,N,0,GYR,baht,M,,515193130.1,,535000000.0,2023-06-19 14:24:12
202304,2023016,20230419,New S-Curve,Revenue,TRUE,TDG,TNSC00142,TDG Revenue (Performance View),Y,Y,N,0,GYR,baht,M,,515193130.1,,535000000.0,2023-06-19 14:24:12
202304,2023016,20230420,New S-Curve,Revenue,TRUE,TDG,TNSC00142,TDG Revenue (Performance View),Y,Y,N,0,GYR,baht,M,,515193130.1,,535000000.0,2023-06-19 14:24:12
202304,2023016,20230421,New S-Curve,Revenue,TRUE,TDG,TNSC00142,TDG Revenue (Performance View),Y,Y,N,0,GYR,baht,M,,515193130.1,,535000000.0,2023-06-19 14:24:12
202304,2023016,20230422,New S-Curve,Revenue,TRUE,TDG,TNSC00142,TDG Revenue (Performance View),Y,Y,N,0,GYR,baht,M,,515193130.1,,535000000.0,2023-06-19 14:24:12
202304,2023016,20230423,New S-Curve,Revenue,TRUE,TDG,TNSC00142,TDG Revenue (Performance View),Y,Y,N,0,GYR,baht,M,,515193130.1,,535000000.0,2023-06-19 14:24:12
202304,2023017,20230424,New S-Curve,Revenue,TRUE,TDG,TNSC00142,TDG Revenue (Performance View),Y,Y,N,0,GYR,baht,M,515193130.1,515193130.1,535000000.0,535000000.0,2023-06-19 14:24:12
202304,2023017,20230425,New S-Curve,Revenue,TRUE,TDG,TNSC00142,TDG Revenue (Performance View),Y,Y,N,0,GYR,baht,M,,515193130.1,,535000000.0,2023-06-19 14:24:12
202304,2023017,20230426,New S-Curve,Revenue,TRUE,TDG,TNSC00142,TDG Revenue (Performance View),Y,Y,N,0,GYR,baht,M,,515193130.1,,535000000.0,2023-06-19 14:24:12
202304,2023017,20230427,New S-Curve,Revenue,TRUE,TDG,TNSC00142,TDG Revenue (Performance View),Y,Y,N,0,GYR,baht,M,,515193130.1,,535000000.0,2023-06-19 14:24:12
202304,2023017,20230428,New S-Curve,Revenue,TRUE,TDG,TNSC00142,TDG Revenue (Performance View),Y,Y,N,0,GYR,baht,M,,515193130.1,,535000000.0,2023-06-19 14:24:12
202304,2023017,20230429,New S-Curve,Revenue,TRUE,TDG,TNSC00142,TDG Revenue (Performance View),Y,Y,N,0,GYR,baht,M,,515193130.1,,535000000.0,2023-06-19 14:24:12
202304,2023017,20230430,New S-Curve,Revenue,TRUE,TDG,TNSC00142,TDG Revenue (Performance View),Y,Y,N,0,GYR,baht,M,,515193130.1,,535000000.0,2023-06-19 14:24:12
202305,2023018,20230501,New S-Curve,Revenue,TRUE,TDG,TNSC00142,TDG Revenue (Performance View),Y,Y,N,0,GYR,baht,M,561000000.0,561000000.0,503000000.0,503000000.0,2023-06-19 14:24:12
202305,2023018,20230502,New S-Curve,Revenue,TRUE,TDG,TNSC00142,TDG Revenue (Performance View),Y,Y,N,0,GYR,baht,M,,561000000.0,,503000000.0,2023-06-19 14:24:12
202305,2023018,20230503,New S-Curve,Revenue,TRUE,TDG,TNSC00142,TDG Revenue (Performance View),Y,Y,N,0,GYR,baht,M,,561000000.0,,503000000.0,2023-06-19 14:24:12
202305,2023018,20230504,New S-Curve,Revenue,TRUE,TDG,TNSC00142,TDG Revenue (Performance View),Y,Y,N,0,GYR,baht,M,,561000000.0,,503000000.0,2023-06-19 14:24:12
202305,2023018,20230505,New S-Curve,Revenue,TRUE,TDG,TNSC00142,TDG Revenue (Performance View),Y,Y,N,0,GYR,baht,M,,561000000.0,,503000000.0,2023-06-19 14:24:12
202305,2023018,20230506,New S-Curve,Revenue,TRUE,TDG,TNSC00142,TDG Revenue (Performance View),Y,Y,N,0,GYR,baht,M,,561000000.0,,503000000.0,2023-06-19 14:24:12
202305,2023018,20230507,New S-Curve,Revenue,TRUE,TDG,TNSC00142,TDG Revenue (Performance View),Y,Y,N,0,GYR,baht,M,,561000000.0,,503000000.0,2023-06-19 14:24:12
202305,2023019,20230508,New S-Curve,Revenue,TRUE,TDG,TNSC00142,TDG Revenue (Performance View),Y,Y,N,0,GYR,baht,M,561000000.0,561000000.0,503000000.0,503000000.0,2023-06-19 14:24:12
202305,2023019,20230509,New S-Curve,Revenue,TRUE,TDG,TNSC00142,TDG Revenue (Performance View),Y,Y,N,0,GYR,baht,M,,561000000.0,,503000000.0,2023-06-19 14:24:12
202305,2023019,20230510,New S-Curve,Revenue,TRUE,TDG,TNSC00142,TDG Revenue (Performance View),Y,Y,N,0,GYR,baht,M,,561000000.0,,503000000.0,2023-06-19 14:24:12
202305,2023019,20230511,New S-Curve,Revenue,TRUE,TDG,TNSC00142,TDG Revenue (Performance View),Y,Y,N,0,GYR,baht,M,,561000000.0,,503000000.0,2023-06-19 14:24:12
202305,2023019,20230512,New S-Curve,Revenue,TRUE,TDG,TNSC00142,TDG Revenue (Performance View),Y,Y,N,0,GYR,baht,M,,561000000.0,,503000000.0,2023-06-19 14:24:12
202305,2023019,20230513,New S-Curve,Revenue,TRUE,TDG,TNSC00142,TDG Revenue (Performance View),Y,Y,N,0,GYR,baht,M,,561000000.0,,503000000.0,2023-06-19 14:24:12
202305,2023019,20230514,New S-Curve,Revenue,TRUE,TDG,TNSC00142,TDG Revenue (Performance View),Y,Y,N,0,GYR,baht,M,,561000000.0,,503000000.0,2023-06-19 14:24:12
202305,2023020,20230515,New S-Curve,Revenue,TRUE,TDG,TNSC00142,TDG Revenue (Performance View),Y,Y,N,0,GYR,baht,M,561000000.0,561000000.0,503000000.0,503000000.0,2023-06-19 14:24:12
202305,2023020,20230516,New S-Curve,Revenue,TRUE,TDG,TNSC00142,TDG Revenue (Performance View),Y,Y,N,0,GYR,baht,M,,561000000.0,,503000000.0,2023-06-19 14:24:12
202305,2023020,20230517,New S-Curve,Revenue,TRUE,TDG,TNSC00142,TDG Revenue (Performance View),Y,Y,N,0,GYR,baht,M,,561000000.0,,503000000.0,2023-06-19 14:24:12
202305,2023020,20230518,New S-Curve,Revenue,TRUE,TDG,TNSC00142,TDG Revenue (Performance View),Y,Y,N,0,GYR,baht,M,,561000000.0,,503000000.0,2023-06-19 14:24:12
202305,2023020,20230519,New S-Curve,Revenue,TRUE,TDG,TNSC00142,TDG Revenue (Performance View),Y,Y,N,0,GYR,baht,M,,561000000.0,,503000000.0,2023-06-19 14:24:12
202305,2023020,20230520,New S-Curve,Revenue,TRUE,TDG,TNSC00142,TDG Revenue (Performance View),Y,Y,N,0,GYR,baht,M,,561000000.0,,503000000.0,2023-06-19 14:24:12
202305,2023020,20230521,New S-Curve,Revenue,TRUE,TDG,TNSC00142,TDG Revenue (Performance View),Y,Y,N,0,GYR,baht,M,,561000000.0,,503000000.0,2023-06-19 14:24:12
202305,2023021,20230522,New S-Curve,Revenue,TRUE,TDG,TNSC00142,TDG Revenue (Performance View),Y,Y,N,0,GYR,baht,M,561000000.0,561000000.0,503000000.0,503000000.0,2023-06-19 14:24:12
202305,2023021,20230523,New S-Curve,Revenue,TRUE,TDG,TNSC00142,TDG Revenue (Performance View),Y,Y,N,0,GYR,baht,M,,561000000.0,,503000000.0,2023-06-19 14:24:12
202305,2023021,20230524,New S-Curve,Revenue,TRUE,TDG,TNSC00142,TDG Revenue (Performance View),Y,Y,N,0,GYR,baht,M,,561000000.0,,503000000.0,2023-06-19 14:24:12
202305,2023021,20230525,New S-Curve,Revenue,TRUE,TDG,TNSC00142,TDG Revenue (Performance View),Y,Y,N,0,GYR,baht,M,,561000000.0,,503000000.0,2023-06-19 14:24:12
202305,2023021,20230526,New S-Curve,Revenue,TRUE,TDG,TNSC00142,TDG Revenue (Performance View),Y,Y,N,0,GYR,baht,M,,561000000.0,,503000000.0,2023-06-19 14:24:12
202305,2023021,20230527,New S-Curve,Revenue,TRUE,TDG,TNSC00142,TDG Revenue (Performance View),Y,Y,N,0,GYR,baht,M,,561000000.0,,503000000.0,2023-06-19 14:24:12
202305,2023021,20230528,New S-Curve,Revenue,TRUE,TDG,TNSC00142,TDG Revenue (Performance View),Y,Y,N,0,GYR,baht,M,,561000000.0,,503000000.0,2023-06-19 14:24:12
202305,2023022,20230529,New S-Curve,Revenue,TRUE,TDG,TNSC00142,TDG Revenue (Performance View),Y,Y,N,0,GYR,baht,M,542000000.0,542000000.0,503000000.0,503000000.0,2023-06-19 14:24:12
202305,2023022,20230530,New S-Curve,Revenue,TRUE,TDG,TNSC00142,TDG Revenue (Performance View),Y,Y,N,0,GYR,baht,M,,542000000.0,,503000000.0,2023-06-19 14:24:12
202305,2023022,20230531,New S-Curve,Revenue,TRUE,TDG,TNSC00142,TDG Revenue (Performance View),Y,Y,N,0,GYR,baht,M,,542000000.0,,503000000.0,2023-06-19 14:24:12
202306,2023022,20230601,New S-Curve,Revenue,TRUE,TDG,TNSC00142,TDG Revenue (Performance View),Y,Y,N,0,GYR,baht,M,,,,,2023-06-19 14:24:12
202306,2023022,20230602,New S-Curve,Revenue,TRUE,TDG,TNSC00142,TDG Revenue (Performance View),Y,Y,N,0,GYR,baht,M,,,,,2023-06-19 14:24:12
202306,2023022,20230603,New S-Curve,Revenue,TRUE,TDG,TNSC00142,TDG Revenue (Performance View),Y,Y,N,0,GYR,baht,M,,,,,2023-06-19 14:24:12
202306,2023022,20230604,New S-Curve,Revenue,TRUE,TDG,TNSC00142,TDG Revenue (Performance View),Y,Y,N,0,GYR,baht,M,,,,,2023-06-19 14:24:12
202306,2023023,20230605,New S-Curve,Revenue,TRUE,TDG,TNSC00142,TDG Revenue (Performance View),Y,Y,N,0,GYR,baht,M,540000000.0,540000000.0,460000000.0,460000000.0,2023-06-19 14:24:12
202306,2023023,20230606,New S-Curve,Revenue,TRUE,TDG,TNSC00142,TDG Revenue (Performance View),Y,Y,N,0,GYR,baht,M,,540000000.0,,460000000.0,2023-06-19 14:24:12
202306,2023023,20230607,New S-Curve,Revenue,TRUE,TDG,TNSC00142,TDG Revenue (Performance View),Y,Y,N,0,GYR,baht,M,,540000000.0,,460000000.0,2023-06-19 14:24:12
202306,2023023,20230608,New S-Curve,Revenue,TRUE,TDG,TNSC00142,TDG Revenue (Performance View),Y,Y,N,0,GYR,baht,M,,540000000.0,,460000000.0,2023-06-19 14:24:12
202306,2023023,20230609,New S-Curve,Revenue,TRUE,TDG,TNSC00142,TDG Revenue (Performance View),Y,Y,N,0,GYR,baht,M,,540000000.0,,460000000.0,2023-06-19 14:24:12
202306,2023023,20230610,New S-Curve,Revenue,TRUE,TDG,TNSC00142,TDG Revenue (Performance View),Y,Y,N,0,GYR,baht,M,,540000000.0,,460000000.0,2023-06-19 14:24:12
202306,2023023,20230611,New S-Curve,Revenue,TRUE,TDG,TNSC00142,TDG Revenue (Performance View),Y,Y,N,0,GYR,baht,M,,540000000.0,,460000000.0,2023-06-19 14:24:12
202306,2023024,20230612,New S-Curve,Revenue,TRUE,TDG,TNSC00142,TDG Revenue (Performance View),Y,Y,N,0,GYR,baht,M,532000000.0,532000000.0,460000000.0,460000000.0,2023-06-19 14:24:12
202306,2023024,20230613,New S-Curve,Revenue,TRUE,TDG,TNSC00142,TDG Revenue (Performance View),Y,Y,N,0,GYR,baht,M,,532000000.0,,460000000.0,2023-06-19 14:24:12
202306,2023024,20230614,New S-Curve,Revenue,TRUE,TDG,TNSC00142,TDG Revenue (Performance View),Y,Y,N,0,GYR,baht,M,,532000000.0,,460000000.0,2023-06-19 14:24:12
202306,2023024,20230615,New S-Curve,Revenue,TRUE,TDG,TNSC00142,TDG Revenue (Performance View),Y,Y,N,0,GYR,baht,M,,532000000.0,,460000000.0,2023-06-19 14:24:12
202306,2023024,20230616,New S-Curve,Revenue,TRUE,TDG,TNSC00142,TDG Revenue (Performance View),Y,Y,N,0,GYR,baht,M,,532000000.0,,460000000.0,2023-06-19 14:24:12
202306,2023024,20230617,New S-Curve,Revenue,TRUE,TDG,TNSC00142,TDG Revenue (Performance View),Y,Y,N,0,GYR,baht,M,,532000000.0,,460000000.0,2023-06-19 14:24:12
202306,2023024,20230618,New S-Curve,Revenue,TRUE,TDG,TNSC00142,TDG Revenue (Performance View),Y,Y,N,0,GYR,baht,M,,532000000.0,,460000000.0,2023-06-19 14:24:12
202303,2023009,20230301,Sales & Revenue,Revenue,TRUE,TOL,TB3R000100,TOL Revenue,Y,Y,S,0,GYR,baht,M,,0.0,,,2023-06-19 14:24:12
202303,2023009,20230302,Sales & Revenue,Revenue,TRUE,TOL,TB3R000100,TOL Revenue,Y,Y,S,0,GYR,baht,M,189713166.46338725,189713166.46338725,205173356.3229422,205173356.3229422,2023-06-19 14:24:12
202303,2023009,20230303,Sales & Revenue,Revenue,TRUE,TOL,TB3R000100,TOL Revenue,Y,Y,S,0,GYR,baht,M,,189713166.46338725,,205173356.3229422,2023-06-19 14:24:12
202303,2023009,20230304,Sales & Revenue,Revenue,TRUE,TOL,TB3R000100,TOL Revenue,Y,Y,S,0,GYR,baht,M,,189713166.46338725,,205173356.3229422,2023-06-19 14:24:12
202303,2023009,20230305,Sales & Revenue,Revenue,TRUE,TOL,TB3R000100,TOL Revenue,Y,Y,S,0,GYR,baht,M,,189713166.46338725,,205173356.3229422,2023-06-19 14:24:12
202303,2023010,20230306,Sales & Revenue,Revenue,TRUE,TOL,TB3R000100,TOL Revenue,Y,Y,S,0,GYR,baht,M,101863062.63653228,291576229.09991956,108285308.33178434,313458664.6547265,2023-06-19 14:24:12
202303,2023010,20230307,Sales & Revenue,Revenue,TRUE,TOL,TB3R000100,TOL Revenue,Y,Y,S,0,GYR,baht,M,,291576229.09991956,,313458664.6547265,2023-06-19 14:24:12
202303,2023010,20230308,Sales & Revenue,Revenue,TRUE,TOL,TB3R000100,TOL Revenue,Y,Y,S,0,GYR,baht,M,,291576229.09991956,,313458664.6547265,2023-06-19 14:24:12
202303,2023010,20230309,Sales & Revenue,Revenue,TRUE,TOL,TB3R000100,TOL Revenue,Y,Y,S,0,GYR,baht,M,,291576229.09991956,,313458664.6547265,2023-06-19 14:24:12
202303,2023010,20230310,Sales & Revenue,Revenue,TRUE,TOL,TB3R000100,TOL Revenue,Y,Y,S,0,GYR,baht,M,203769320.64837018,495345549.7482897,218292754.91343603,531751419.56816256,2023-06-19 14:24:12
202303,2023010,20230311,Sales & Revenue,Revenue,TRUE,TOL,TB3R000100,TOL Revenue,Y,Y,S,0,GYR,baht,M,,495345549.7482897,,531751419.56816256,2023-06-19 14:24:12
202303,2023010,20230312,Sales & Revenue,Revenue,TRUE,TOL,TB3R000100,TOL Revenue,Y,Y,S,0,GYR,baht,M,,495345549.7482897,,531751419.56816256,2023-06-19 14:24:12
202303,2023011,20230313,Sales & Revenue,Revenue,TRUE,TOL,TB3R000100,TOL Revenue,Y,Y,S,0,GYR,baht,M,151808655.25750208,647154205.0057918,162549057.35310107,694300476.9212636,2023-06-19 14:24:12
202303,2023011,20230314,Sales & Revenue,Revenue,TRUE,TOL,TB3R000100,TOL Revenue,Y,Y,S,0,GYR,baht,M,,647154205.0057918,,694300476.9212636,2023-06-19 14:24:12
202303,2023011,20230315,Sales & Revenue,Revenue,TRUE,TOL,TB3R000100,TOL Revenue,Y,Y,S,0,GYR,baht,M,,647154205.0057918,,694300476.9212636,2023-06-19 14:24:12
202303,2023011,20230316,Sales & Revenue,Revenue,TRUE,TOL,TB3R000100,TOL Revenue,Y,Y,S,0,GYR,baht,M,158254046.8160666,805408251.8218584,168814155.70498976,863114632.6262534,2023-06-19 14:24:12
202303,2023011,20230317,Sales & Revenue,Revenue,TRUE,TOL,TB3R000100,TOL Revenue,Y,Y,S,0,GYR,baht,M,,805408251.8218584,,863114632.6262534,2023-06-19 14:24:12
202303,2023011,20230318,Sales & Revenue,Revenue,TRUE,TOL,TB3R000100,TOL Revenue,Y,Y,S,0,GYR,baht,M,,805408251.8218584,,863114632.6262534,2023-06-19 14:24:12
202303,2023011,20230319,Sales & Revenue,Revenue,TRUE,TOL,TB3R000100,TOL Revenue,Y,Y,S,0,GYR,baht,M,147466523.47451213,952874775.2963705,157358326.5465709,1020472959.1728243,2023-06-19 14:24:12
202303,2023012,20230320,Sales & Revenue,Revenue,TRUE,TOL,TB3R000100,TOL Revenue,Y,Y,S,0,GYR,baht,M,,952874775.2963705,,1020472959.1728243,2023-06-19 14:24:12
202303,2023012,20230321,Sales & Revenue,Revenue,TRUE,TOL,TB3R000100,TOL Revenue,Y,Y,S,0,GYR,baht,M,,952874775.2963705,,1020472959.1728243,2023-06-19 14:24:12
202303,2023012,20230322,Sales & Revenue,Revenue,TRUE,TOL,TB3R000100,TOL Revenue,Y,Y,S,0,GYR,baht,M,146932292.90704888,1099807068.2034194,156187051.8843714,1176660011.0571957,2023-06-19 14:24:12
202303,2023012,20230323,Sales & Revenue,Revenue,TRUE,TOL,TB3R000100,TOL Revenue,Y,Y,S,0,GYR,baht,M,,1099807068.2034194,,1176660011.0571957,2023-06-19 14:24:12
202303,2023012,20230324,Sales & Revenue,Revenue,TRUE,TOL,TB3R000100,TOL Revenue,Y,Y,S,0,GYR,baht,M,,1099807068.2034194,,1176660011.0571957,2023-06-19 14:24:12
202303,2023012,20230325,Sales & Revenue,Revenue,TRUE,TOL,TB3R000100,TOL Revenue,Y,Y,S,0,GYR,baht,M,146230758.27450117,1246037826.4779205,155697398.32996598,1332357409.3871617,2023-06-19 14:24:12
202303,2023012,20230326,Sales & Revenue,Revenue,TRUE,TOL,TB3R000100,TOL Revenue,Y,Y,S,0,GYR,baht,M,,1246037826.4779205,,1332357409.3871617,2023-06-19 14:24:12
202303,2023013,20230327,Sales & Revenue,Revenue,TRUE,TOL,TB3R000100,TOL Revenue,Y,Y,S,0,GYR,baht,M,,1246037826.4779205,,1332357409.3871617,2023-06-19 14:24:12
202303,2023013,20230328,Sales & Revenue,Revenue,TRUE,TOL,TB3R000100,TOL Revenue,Y,Y,S,0,GYR,baht,M,155364933.44080523,1401402759.9187257,165305901.50283918,1497663310.8900008,2023-06-19 14:24:12
202303,2023013,20230329,Sales & Revenue,Revenue,TRUE,TOL,TB3R000100,TOL Revenue,Y,Y,S,0,GYR,baht,M,,1401402759.9187257,,1497663310.8900008,2023-06-19 14:24:12
202303,2023013,20230330,Sales & Revenue,Revenue,TRUE,TOL,TB3R000100,TOL Revenue,Y,Y,S,0,GYR,baht,M,,1401402759.9187257,,1497663310.8900008,2023-06-19 14:24:12
202303,2023013,20230331,Sales & Revenue,Revenue,TRUE,TOL,TB3R000100,TOL Revenue,Y,Y,S,0,GYR,baht,M,,1401402759.9187257,,1497663310.8900008,2023-06-19 14:24:12
202304,2023013,20230401,Sales & Revenue,Revenue,TRUE,TOL,TB3R000100,TOL Revenue,Y,Y,S,0,GYR,baht,M,,0.0,,,2023-06-19 14:24:12
202304,2023013,20230402,Sales & Revenue,Revenue,TRUE,TOL,TB3R000100,TOL Revenue,Y,Y,S,0,GYR,baht,M,193076005.42161283,193076005.42161283,206429447.73648214,206429447.73648214,2023-06-19 14:24:12
202304,2023014,20230403,Sales & Revenue,Revenue,TRUE,TOL,TB3R000100,TOL Revenue,Y,Y,S,0,GYR,baht,M,,193076005.42161283,,206429447.73648214,2023-06-19 14:24:12
202304,2023014,20230404,Sales & Revenue,Revenue,TRUE,TOL,TB3R000100,TOL Revenue,Y,Y,S,0,GYR,baht,M,,193076005.42161283,,206429447.73648214,2023-06-19 14:24:12
202304,2023014,20230405,Sales & Revenue,Revenue,TRUE,TOL,TB3R000100,TOL Revenue,Y,Y,S,0,GYR,baht,M,,193076005.42161283,,206429447.73648214,2023-06-19 14:24:12
202304,2023014,20230406,Sales & Revenue,Revenue,TRUE,TOL,TB3R000100,TOL Revenue,Y,Y,S,0,GYR,baht,M,104281594.48454055,297357599.9061534,108948241.6114544,315377689.3479365,2023-06-19 14:24:12
202304,2023014,20230407,Sales & Revenue,Revenue,TRUE,TOL,TB3R000100,TOL Revenue,Y,Y,S,0,GYR,baht,M,,297357599.9061534,,315377689.3479365,2023-06-19 14:24:12
202304,2023014,20230408,Sales & Revenue,Revenue,TRUE,TOL,TB3R000100,TOL Revenue,Y,Y,S,0,GYR,baht,M,,297357599.9061534,,315377689.3479365,2023-06-19 14:24:12
202304,2023014,20230409,Sales & Revenue,Revenue,TRUE,TOL,TB3R000100,TOL Revenue,Y,Y,S,0,GYR,baht,M,,297357599.9061534,,315377689.3479365,2023-06-19 14:24:12
202304,2023015,20230410,Sales & Revenue,Revenue,TRUE,TOL,TB3R000100,TOL Revenue,Y,Y,S,0,GYR,baht,M,205389471.29046333,502747071.1966167,219629164.57207206,535006853.9200086,2023-06-19 14:24:12
202304,2023015,20230411,Sales & Revenue,Revenue,TRUE,TOL,TB3R000100,TOL Revenue,Y,Y,S,0,GYR,baht,M,,502747071.1966167,,535006853.9200086,2023-06-19 14:24:12
202304,2023015,20230412,Sales & Revenue,Revenue,TRUE,TOL,TB3R000100,TOL Revenue,Y,Y,S,0,GYR,baht,M,,502747071.1966167,,535006853.9200086,2023-06-19 14:24:12
202304,2023015,20230413,Sales & Revenue,Revenue,TRUE,TOL,TB3R000100,TOL Revenue,Y,Y,S,0,GYR,baht,M,152730405.58296126,655477476.779578,163544198.62718967,698551052.5471983,2023-06-19 14:24:12
202304,2023015,20230414,Sales & Revenue,Revenue,TRUE,TOL,TB3R000100,TOL Revenue,Y,Y,S,0,GYR,baht,M,,655477476.779578,,698551052.5471983,2023-06-19 14:24:12
202304,2023015,20230415,Sales & Revenue,Revenue,TRUE,TOL,TB3R000100,TOL Revenue,Y,Y,S,0,GYR,baht,M,,655477476.779578,,698551052.5471983,2023-06-19 14:24:12
202304,2023015,20230416,Sales & Revenue,Revenue,TRUE,TOL,TB3R000100,TOL Revenue,Y,Y,S,0,GYR,baht,M,155835377.530427,811312854.310005,169847652.52575278,868398705.072951,2023-06-19 14:24:12
202304,2023016,20230417,Sales & Revenue,Revenue,TRUE,TOL,TB3R000100,TOL Revenue,Y,Y,S,0,GYR,baht,M,,811312854.310005,,868398705.072951,2023-06-19 14:24:12
202304,2023016,20230418,Sales & Revenue,Revenue,TRUE,TOL,TB3R000100,TOL Revenue,Y,Y,S,0,GYR,baht,M,,811312854.310005,,868398705.072951,2023-06-19 14:24:12
202304,2023016,20230419,Sales & Revenue,Revenue,TRUE,TOL,TB3R000100,TOL Revenue,Y,Y,S,0,GYR,baht,M,147044539.34885636,958357393.6588613,158321689.657486,1026720394.730437,2023-06-19 14:24:12
202304,2023016,20230420,Sales & Revenue,Revenue,TRUE,TOL,TB3R000100,TOL Revenue,Y,Y,S,0,GYR,baht,M,,958357393.6588613,,1026720394.730437,2023-06-19 14:24:12
202304,2023016,20230421,Sales & Revenue,Revenue,TRUE,TOL,TB3R000100,TOL Revenue,Y,Y,S,0,GYR,baht,M,,958357393.6588613,,1026720394.730437,2023-06-19 14:24:12
202304,2023016,20230422,Sales & Revenue,Revenue,TRUE,TOL,TB3R000100,TOL Revenue,Y,Y,S,0,GYR,baht,M,146430670.60154602,1104788064.2604074,157143244.3369103,1183863639.0673473,2023-06-19 14:24:12
202304,2023016,20230423,Sales & Revenue,Revenue,TRUE,TOL,TB3R000100,TOL Revenue,Y,Y,S,0,GYR,baht,M,,1104788064.2604074,,1183863639.0673473,2023-06-19 14:24:12
202304,2023017,20230424,Sales & Revenue,Revenue,TRUE,TOL,TB3R000100,TOL Revenue,Y,Y,S,0,GYR,baht,M,,1104788064.2604074,,1183863639.0673473,2023-06-19 14:24:12
202304,2023017,20230425,Sales & Revenue,Revenue,TRUE,TOL,TB3R000100,TOL Revenue,Y,Y,S,0,GYR,baht,M,145804185.95004788,1250592250.2104552,156650593.0754131,1340514232.1427605,2023-06-19 14:24:12
202304,2023017,20230426,Sales & Revenue,Revenue,TRUE,TOL,TB3R000100,TOL Revenue,Y,Y,S,0,GYR,baht,M,,1250592250.2104552,,1340514232.1427605,2023-06-19 14:24:12
202304,2023017,20230427,Sales & Revenue,Revenue,TRUE,TOL,TB3R000100,TOL Revenue,Y,Y,S,0,GYR,baht,M,,1250592250.2104552,,1340514232.1427605,2023-06-19 14:24:12
202304,2023017,20230428,Sales & Revenue,Revenue,TRUE,TOL,TB3R000100,TOL Revenue,Y,Y,S,0,GYR,baht,M,154923457.4649649,1405515707.67542,166317920.44724038,1506832152.5900009,2023-06-19 14:24:12
202304,2023017,20230429,Sales & Revenue,Revenue,TRUE,TOL,TB3R000100,TOL Revenue,Y,Y,S,0,GYR,baht,M,,1405515707.67542,,1506832152.5900009,2023-06-19 14:24:12
202304,2023017,20230430,Sales & Revenue,Revenue,TRUE,TOL,TB3R000100,TOL Revenue,Y,Y,S,0,GYR,baht,M,,1405515707.67542,,1506832152.5900009,2023-06-19 14:24:12
202305,2023018,20230501,Sales & Revenue,Revenue,TRUE,TOL,TB3R000100,TOL Revenue,Y,Y,S,0,GYR,baht,M,,0.0,,,2023-06-19 14:24:12
202305,2023018,20230502,Sales & Revenue,Revenue,TRUE,TOL,TB3R000100,TOL Revenue,Y,Y,S,0,GYR,baht,M,194221713.75782654,194221713.75782654,207685539.1500221,207685539.1500221,2023-06-19 14:24:12
202305,2023018,20230503,Sales & Revenue,Revenue,TRUE,TOL,TB3R000100,TOL Revenue,Y,Y,S,0,GYR,baht,M,,194221713.75782654,,207685539.1500221,2023-06-19 14:24:12
202305,2023018,20230504,Sales & Revenue,Revenue,TRUE,TOL,TB3R000100,TOL Revenue,Y,Y,S,0,GYR,baht,M,,194221713.75782654,,207685539.1500221,2023-06-19 14:24:12
202305,2023018,20230505,Sales & Revenue,Revenue,TRUE,TOL,TB3R000100,TOL Revenue,Y,Y,S,0,GYR,baht,M,,194221713.75782654,,207685539.1500221,2023-06-19 14:24:12
202305,2023018,20230506,Sales & Revenue,Revenue,TRUE,TOL,TB3R000100,TOL Revenue,Y,Y,S,0,GYR,baht,M,107858350.38189898,302080064.1397255,109611174.89112444,317296714.0411465,2023-06-19 14:24:12
202305,2023018,20230507,Sales & Revenue,Revenue,TRUE,TOL,TB3R000100,TOL Revenue,Y,Y,S,0,GYR,baht,M,,302080064.1397255,,317296714.0411465,2023-06-19 14:24:12
202305,2023019,20230508,Sales & Revenue,Revenue,TRUE,TOL,TB3R000100,TOL Revenue,Y,Y,S,0,GYR,baht,M,,302080064.1397255,,317296714.0411465,2023-06-19 14:24:12
202305,2023019,20230509,Sales & Revenue,Revenue,TRUE,TOL,TB3R000100,TOL Revenue,Y,Y,S,0,GYR,baht,M,,302080064.1397255,,317296714.0411465,2023-06-19 14:24:12
202305,2023019,20230510,Sales & Revenue,Revenue,TRUE,TOL,TB3R000100,TOL Revenue,Y,Y,S,0,GYR,baht,M,208096851.74795276,510176915.88767827,220965574.23070806,538262288.2718546,2023-06-19 14:24:12
202305,2023019,20230511,Sales & Revenue,Revenue,TRUE,TOL,TB3R000100,TOL Revenue,Y,Y,S,0,GYR,baht,M,,510176915.88767827,,538262288.2718546,2023-06-19 14:24:12
202305,2023019,20230512,Sales & Revenue,Revenue,TRUE,TOL,TB3R000100,TOL Revenue,Y,Y,S,0,GYR,baht,M,,510176915.88767827,,538262288.2718546,2023-06-19 14:24:12
202305,2023019,20230513,Sales & Revenue,Revenue,TRUE,TOL,TB3R000100,TOL Revenue,Y,Y,S,0,GYR,baht,M,155056873.30610335,665233789.1937816,164539339.90127823,702801628.1731329,2023-06-19 14:24:12
202305,2023019,20230514,Sales & Revenue,Revenue,TRUE,TOL,TB3R000100,TOL Revenue,Y,Y,S,0,GYR,baht,M,,665233789.1937816,,702801628.1731329,2023-06-19 14:24:12
202305,2023020,20230515,Sales & Revenue,Revenue,TRUE,TOL,TB3R000100,TOL Revenue,Y,Y,S,0,GYR,baht,M,,665233789.1937816,,702801628.1731329,2023-06-19 14:24:12
202305,2023020,20230516,Sales & Revenue,Revenue,TRUE,TOL,TB3R000100,TOL Revenue,Y,Y,S,0,GYR,baht,M,157289461.9697987,822523251.1635803,170881149.34651577,873682777.5196487,2023-06-19 14:24:12
202305,2023020,20230517,Sales & Revenue,Revenue,TRUE,TOL,TB3R000100,TOL Revenue,Y,Y,S,0,GYR,baht,M,,822523251.1635803,,873682777.5196487,2023-06-19 14:24:12
202305,2023020,20230518,Sales & Revenue,Revenue,TRUE,TOL,TB3R000100,TOL Revenue,Y,Y,S,0,GYR,baht,M,,822523251.1635803,,873682777.5196487,2023-06-19 14:24:12
202305,2023020,20230519,Sales & Revenue,Revenue,TRUE,TOL,TB3R000100,TOL Revenue,Y,Y,S,0,GYR,baht,M,149523487.68168482,972046738.8452652,159285052.76840112,1032967830.2880497,2023-06-19 14:24:12
202305,2023020,20230520,Sales & Revenue,Revenue,TRUE,TOL,TB3R000100,TOL Revenue,Y,Y,S,0,GYR,baht,M,,972046738.8452652,,1032967830.2880497,2023-06-19 14:24:12
202305,2023020,20230521,Sales & Revenue,Revenue,TRUE,TOL,TB3R000100,TOL Revenue,Y,Y,S,0,GYR,baht,M,,972046738.8452652,,1032967830.2880497,2023-06-19 14:24:12
202305,2023021,20230522,Sales & Revenue,Revenue,TRUE,TOL,TB3R000100,TOL Revenue,Y,Y,S,0,GYR,baht,M,150064658.94943523,1122111397.7947004,158099436.78944924,1191067267.077499,2023-06-19 14:24:12
202305,2023021,20230523,Sales & Revenue,Revenue,TRUE,TOL,TB3R000100,TOL Revenue,Y,Y,S,0,GYR,baht,M,,1122111397.7947004,,1191067267.077499,2023-06-19 14:24:12
202305,2023021,20230524,Sales & Revenue,Revenue,TRUE,TOL,TB3R000100,TOL Revenue,Y,Y,S,0,GYR,baht,M,,1122111397.7947004,,1191067267.077499,2023-06-19 14:24:12
202305,2023021,20230525,Sales & Revenue,Revenue,TRUE,TOL,TB3R000100,TOL Revenue,Y,Y,S,0,GYR,baht,M,148730482.19682613,1270841879.9915266,157603787.82086024,1348671054.8983593,2023-06-19 14:24:12
202305,2023021,20230526,Sales & Revenue,Revenue,TRUE,TOL,TB3R000100,TOL Revenue,Y,Y,S,0,GYR,baht,M,,1270841879.9915266,,1348671054.8983593,2023-06-19 14:24:12
202305,2023021,20230527,Sales & Revenue,Revenue,TRUE,TOL,TB3R000100,TOL Revenue,Y,Y,S,0,GYR,baht,M,,1270841879.9915266,,1348671054.8983593,2023-06-19 14:24:12
202305,2023021,20230528,Sales & Revenue,Revenue,TRUE,TOL,TB3R000100,TOL Revenue,Y,Y,S,0,GYR,baht,M,1459440.3358635763,1272301320.3273902,167329939.3916416,1516000994.290001,2023-06-19 14:24:12
202305,2023022,20230529,Sales & Revenue,Revenue,TRUE,TOL,TB3R000100,TOL Revenue,Y,Y,S,0,GYR,baht,M,,1272301320.3273902,,1516000994.290001,2023-06-19 14:24:12
202305,2023022,20230530,Sales & Revenue,Revenue,TRUE,TOL,TB3R000100,TOL Revenue,Y,Y,S,0,GYR,baht,M,,1272301320.3273902,,1516000994.290001,2023-06-19 14:24:12
202305,2023022,20230531,Sales & Revenue,Revenue,TRUE,TOL,TB3R000100,TOL Revenue,Y,Y,S,0,GYR,baht,M,,1272301320.3273902,,1516000994.290001,2023-06-19 14:24:12
202306,2023022,20230601,Sales & Revenue,Revenue,TRUE,TOL,TB3R000100,TOL Revenue,Y,Y,S,0,GYR,baht,M,,0.0,,,2023-06-19 14:24:12
202306,2023022,20230602,Sales & Revenue,Revenue,TRUE,TOL,TB3R000100,TOL Revenue,Y,Y,S,0,GYR,baht,M,196383179.09623364,196383179.09623364,208941630.56356207,208941630.56356207,2023-06-19 14:24:12
202306,2023022,20230603,Sales & Revenue,Revenue,TRUE,TOL,TB3R000100,TOL Revenue,Y,Y,S,0,GYR,baht,M,,196383179.09623364,,208941630.56356207,2023-06-19 14:24:12
202306,2023022,20230604,Sales & Revenue,Revenue,TRUE,TOL,TB3R000100,TOL Revenue,Y,Y,S,0,GYR,baht,M,,196383179.09623364,,208941630.56356207,2023-06-19 14:24:12
202306,2023023,20230605,Sales & Revenue,Revenue,TRUE,TOL,TB3R000100,TOL Revenue,Y,Y,S,0,GYR,baht,M,,196383179.09623364,,208941630.56356207,2023-06-19 14:24:12
202306,2023023,20230606,Sales & Revenue,Revenue,TRUE,TOL,TB3R000100,TOL Revenue,Y,Y,S,0,GYR,baht,M,109917714.41720794,306300893.51344156,110274108.1707945,319215738.7343566,2023-06-19 14:24:12
202306,2023023,20230607,Sales & Revenue,Revenue,TRUE,TOL,TB3R000100,TOL Revenue,Y,Y,S,0,GYR,baht,M,,306300893.51344156,,319215738.7343566,2023-06-19 14:24:12
202306,2023023,20230608,Sales & Revenue,Revenue,TRUE,TOL,TB3R000100,TOL Revenue,Y,Y,S,0,GYR,baht,M,,306300893.51344156,,319215738.7343566,2023-06-19 14:24:12
202306,2023023,20230609,Sales & Revenue,Revenue,TRUE,TOL,TB3R000100,TOL Revenue,Y,Y,S,0,GYR,baht,M,,306300893.51344156,,319215738.7343566,2023-06-19 14:24:12
202306,2023023,20230610,Sales & Revenue,Revenue,TRUE,TOL,TB3R000100,TOL Revenue,Y,Y,S,0,GYR,baht,M,209959908.73376164,516260802.24720323,222301983.8893441,541517722.6237006,2023-06-19 14:24:12
202306,2023023,20230611,Sales & Revenue,Revenue,TRUE,TOL,TB3R000100,TOL Revenue,Y,Y,S,0,GYR,baht,M,,516260802.24720323,,541517722.6237006,2023-06-19 14:24:12
202306,2023024,20230612,Sales & Revenue,Revenue,TRUE,TOL,TB3R000100,TOL Revenue,Y,Y,S,0,GYR,baht,M,,516260802.24720323,,541517722.6237006,2023-06-19 14:24:12
202306,2023024,20230613,Sales & Revenue,Revenue,TRUE,TOL,TB3R000100,TOL Revenue,Y,Y,S,0,GYR,baht,M,153565262.50668392,669826064.7538872,165534481.17536682,707052203.7990675,2023-06-19 14:24:12
202306,2023024,20230614,Sales & Revenue,Revenue,TRUE,TOL,TB3R000100,TOL Revenue,Y,Y,S,0,GYR,baht,M,,669826064.7538872,,707052203.7990675,2023-06-19 14:24:12
202306,2023024,20230615,Sales & Revenue,Revenue,TRUE,TOL,TB3R000100,TOL Revenue,Y,Y,S,0,GYR,baht,M,,669826064.7538872,,707052203.7990675,2023-06-19 14:24:12
202306,2023024,20230616,Sales & Revenue,Revenue,TRUE,TOL,TB3R000100,TOL Revenue,Y,Y,S,0,GYR,baht,M,157467705.31793213,827293770.0718193,171914646.16727877,878966849.9663463,2023-06-19 14:24:12
202306,2023024,20230617,Sales & Revenue,Revenue,TRUE,TOL,TB3R000100,TOL Revenue,Y,Y,S,0,GYR,baht,M,,827293770.0718193,,878966849.9663463,2023-06-19 14:24:12
202306,2023024,20230618,Sales & Revenue,Revenue,TRUE,TOL,TB3R000100,TOL Revenue,Y,Y,S,0,GYR,baht,M,,827293770.0718193,,878966849.9663463,2023-06-19 14:24:12
202303,2023009,20230301,Sales & Revenue,Revenue,TRUE,TVS,TB4R000100,TVS Revenue,Y,Y,S,0,GYR,baht,M,,0.0,,,2023-06-19 14:24:12
202303,2023009,20230302,Sales & Revenue,Revenue,TRUE,TVS,TB4R000100,TVS Revenue,Y,Y,S,0,GYR,baht,M,42430646.00000001,42430646.00000001,47555946.32131715,47555946.32131715,2023-06-19 14:24:12
202303,2023009,20230303,Sales & Revenue,Revenue,TRUE,TVS,TB4R000100,TVS Revenue,Y,Y,S,0,GYR,baht,M,,42430646.00000001,,47555946.32131715,2023-06-19 14:24:12
202303,2023009,20230304,Sales & Revenue,Revenue,TRUE,TVS,TB4R000100,TVS Revenue,Y,Y,S,0,GYR,baht,M,,42430646.00000001,,47555946.32131715,2023-06-19 14:24:12
202303,2023009,20230305,Sales & Revenue,Revenue,TRUE,TVS,TB4R000100,TVS Revenue,Y,Y,S,0,GYR,baht,M,,42430646.00000001,,47555946.32131715,2023-06-19 14:24:12
202303,2023010,20230306,Sales & Revenue,Revenue,TRUE,TVS,TB4R000100,TVS Revenue,Y,Y,S,0,GYR,baht,M,10896995.610000003,53327641.610000014,12000522.608220745,59556468.92953789,2023-06-19 14:24:12
202303,2023010,20230307,Sales & Revenue,Revenue,TRUE,TVS,TB4R000100,TVS Revenue,Y,Y,S,0,GYR,baht,M,,53327641.610000014,,59556468.92953789,2023-06-19 14:24:12
202303,2023010,20230308,Sales & Revenue,Revenue,TRUE,TVS,TB4R000100,TVS Revenue,Y,Y,S,0,GYR,baht,M,,53327641.610000014,,59556468.92953789,2023-06-19 14:24:12
202303,2023010,20230309,Sales & Revenue,Revenue,TRUE,TVS,TB4R000100,TVS Revenue,Y,Y,S,0,GYR,baht,M,,53327641.610000014,,59556468.92953789,2023-06-19 14:24:12
202303,2023010,20230310,Sales & Revenue,Revenue,TRUE,TVS,TB4R000100,TVS Revenue,Y,Y,S,0,GYR,baht,M,36798266.00999999,90125907.62,41252970.86972749,100809439.79926538,2023-06-19 14:24:12
202303,2023010,20230311,Sales & Revenue,Revenue,TRUE,TVS,TB4R000100,TVS Revenue,Y,Y,S,0,GYR,baht,M,,90125907.62,,100809439.79926538,2023-06-19 14:24:12
202303,2023010,20230312,Sales & Revenue,Revenue,TRUE,TVS,TB4R000100,TVS Revenue,Y,Y,S,0,GYR,baht,M,,90125907.62,,100809439.79926538,2023-06-19 14:24:12
202303,2023011,20230313,Sales & Revenue,Revenue,TRUE,TVS,TB4R000100,TVS Revenue,Y,Y,S,0,GYR,baht,M,27081363.529999994,117207271.14999999,30274077.36352909,131083517.16279447,2023-06-19 14:24:12
202303,2023011,20230314,Sales & Revenue,Revenue,TRUE,TVS,TB4R000100,TVS Revenue,Y,Y,S,0,GYR,baht,M,,117207271.14999999,,131083517.16279447,2023-06-19 14:24:12
202303,2023011,20230315,Sales & Revenue,Revenue,TRUE,TVS,TB4R000100,TVS Revenue,Y,Y,S,0,GYR,baht,M,,117207271.14999999,,131083517.16279447,2023-06-19 14:24:12
202303,2023011,20230316,Sales & Revenue,Revenue,TRUE,TVS,TB4R000100,TVS Revenue,Y,Y,S,0,GYR,baht,M,28862357.53999999,146069628.69,32172971.444661465,163256488.60745594,2023-06-19 14:24:12
202303,2023011,20230317,Sales & Revenue,Revenue,TRUE,TVS,TB4R000100,TVS Revenue,Y,Y,S,0,GYR,baht,M,,146069628.69,,163256488.60745594,2023-06-19 14:24:12
202303,2023011,20230318,Sales & Revenue,Revenue,TRUE,TVS,TB4R000100,TVS Revenue,Y,Y,S,0,GYR,baht,M,,146069628.69,,163256488.60745594,2023-06-19 14:24:12
202303,2023011,20230319,Sales & Revenue,Revenue,TRUE,TVS,TB4R000100,TVS Revenue,Y,Y,S,0,GYR,baht,M,25592583.369999997,171662212.05999997,28116008.795868676,191372497.4033246,2023-06-19 14:24:12
202303,2023012,20230320,Sales & Revenue,Revenue,TRUE,TVS,TB4R000100,TVS Revenue,Y,Y,S,0,GYR,baht,M,,171662212.05999997,,191372497.4033246,2023-06-19 14:24:12
202303,2023012,20230321,Sales & Revenue,Revenue,TRUE,TVS,TB4R000100,TVS Revenue,Y,Y,S,0,GYR,baht,M,,171662212.05999997,,191372497.4033246,2023-06-19 14:24:12
202303,2023012,20230322,Sales & Revenue,Revenue,TRUE,TVS,TB4R000100,TVS Revenue,Y,Y,S,0,GYR,baht,M,25843760.990000006,197505973.04999998,28864970.537194602,220237467.9405192,2023-06-19 14:24:12
202303,2023012,20230323,Sales & Revenue,Revenue,TRUE,TVS,TB4R000100,TVS Revenue,Y,Y,S,0,GYR,baht,M,,197505973.04999998,,220237467.9405192,2023-06-19 14:24:12
202303,2023012,20230324,Sales & Revenue,Revenue,TRUE,TVS,TB4R000100,TVS Revenue,Y,Y,S,0,GYR,baht,M,,197505973.04999998,,220237467.9405192,2023-06-19 14:24:12
202303,2023012,20230325,Sales & Revenue,Revenue,TRUE,TVS,TB4R000100,TVS Revenue,Y,Y,S,0,GYR,baht,M,25898117.90999999,223404090.95999998,28939279.032979973,249176746.97349918,2023-06-19 14:24:12
202303,2023012,20230326,Sales & Revenue,Revenue,TRUE,TVS,TB4R000100,TVS Revenue,Y,Y,S,0,GYR,baht,M,,223404090.95999998,,249176746.97349918,2023-06-19 14:24:12
202303,2023013,20230327,Sales & Revenue,Revenue,TRUE,TVS,TB4R000100,TVS Revenue,Y,Y,S,0,GYR,baht,M,,223404090.95999998,,249176746.97349918,2023-06-19 14:24:12
202303,2023013,20230328,Sales & Revenue,Revenue,TRUE,TVS,TB4R000100,TVS Revenue,Y,Y,S,0,GYR,baht,M,28465624.750000007,251869715.70999998,16599735.035153165,265776482.00865236,2023-06-19 14:24:12
202303,2023013,20230329,Sales & Revenue,Revenue,TRUE,TVS,TB4R000100,TVS Revenue,Y,Y,S,0,GYR,baht,M,,251869715.70999998,,265776482.00865236,2023-06-19 14:24:12
202303,2023013,20230330,Sales & Revenue,Revenue,TRUE,TVS,TB4R000100,TVS Revenue,Y,Y,S,0,GYR,baht,M,,251869715.70999998,,265776482.00865236,2023-06-19 14:24:12
202303,2023013,20230331,Sales & Revenue,Revenue,TRUE,TVS,TB4R000100,TVS Revenue,Y,Y,S,0,GYR,baht,M,20259106.65000002,272128822.36,147839863.72134787,413616345.73000026,2023-06-19 14:24:12
202304,2023013,20230401,Sales & Revenue,Revenue,TRUE,TVS,TB4R000100,TVS Revenue,Y,Y,S,0,GYR,baht,M,,0.0,,,2023-06-19 14:24:12
202304,2023013,20230402,Sales & Revenue,Revenue,TRUE,TVS,TB4R000100,TVS Revenue,Y,Y,S,0,GYR,baht,M,42790130.870000005,42790130.870000005,47555946.32131713,47555946.32131713,2023-06-19 14:24:12
202304,2023014,20230403,Sales & Revenue,Revenue,TRUE,TVS,TB4R000100,TVS Revenue,Y,Y,S,0,GYR,baht,M,,42790130.870000005,,47555946.32131713,2023-06-19 14:24:12
202304,2023014,20230404,Sales & Revenue,Revenue,TRUE,TVS,TB4R000100,TVS Revenue,Y,Y,S,0,GYR,baht,M,,42790130.870000005,,47555946.32131713,2023-06-19 14:24:12
202304,2023014,20230405,Sales & Revenue,Revenue,TRUE,TVS,TB4R000100,TVS Revenue,Y,Y,S,0,GYR,baht,M,,42790130.870000005,,47555946.32131713,2023-06-19 14:24:12
202304,2023014,20230406,Sales & Revenue,Revenue,TRUE,TVS,TB4R000100,TVS Revenue,Y,Y,S,0,GYR,baht,M,11227009.259999992,54017140.129999995,12000522.60822074,59556468.92953786,2023-06-19 14:24:12
202304,2023014,20230407,Sales & Revenue,Revenue,TRUE,TVS,TB4R000100,TVS Revenue,Y,Y,S,0,GYR,baht,M,,54017140.129999995,,59556468.92953786,2023-06-19 14:24:12
202304,2023014,20230408,Sales & Revenue,Revenue,TRUE,TVS,TB4R000100,TVS Revenue,Y,Y,S,0,GYR,baht,M,,54017140.129999995,,59556468.92953786,2023-06-19 14:24:12
202304,2023014,20230409,Sales & Revenue,Revenue,TRUE,TVS,TB4R000100,TVS Revenue,Y,Y,S,0,GYR,baht,M,,54017140.129999995,,59556468.92953786,2023-06-19 14:24:12
202304,2023015,20230410,Sales & Revenue,Revenue,TRUE,TVS,TB4R000100,TVS Revenue,Y,Y,S,0,GYR,baht,M,36964628.68,90981768.81,41252970.86972748,100809439.79926534,2023-06-19 14:24:12
202304,2023015,20230411,Sales & Revenue,Revenue,TRUE,TVS,TB4R000100,TVS Revenue,Y,Y,S,0,GYR,baht,M,,90981768.81,,100809439.79926534,2023-06-19 14:24:12
202304,2023015,20230412,Sales & Revenue,Revenue,TRUE,TVS,TB4R000100,TVS Revenue,Y,Y,S,0,GYR,baht,M,,90981768.81,,100809439.79926534,2023-06-19 14:24:12
202304,2023015,20230413,Sales & Revenue,Revenue,TRUE,TVS,TB4R000100,TVS Revenue,Y,Y,S,0,GYR,baht,M,27575550.390000008,118557319.2,30274077.363529075,131083517.16279441,2023-06-19 14:24:12
202304,2023015,20230414,Sales & Revenue,Revenue,TRUE,TVS,TB4R000100,TVS Revenue,Y,Y,S,0,GYR,baht,M,,118557319.2,,131083517.16279441,2023-06-19 14:24:12
202304,2023015,20230415,Sales & Revenue,Revenue,TRUE,TVS,TB4R000100,TVS Revenue,Y,Y,S,0,GYR,baht,M,,118557319.2,,131083517.16279441,2023-06-19 14:24:12
202304,2023015,20230416,Sales & Revenue,Revenue,TRUE,TVS,TB4R000100,TVS Revenue,Y,Y,S,0,GYR,baht,M,28835912.530000024,147393231.73000002,32172971.44466145,163256488.60745585,2023-06-19 14:24:12
202304,2023016,20230417,Sales & Revenue,Revenue,TRUE,TVS,TB4R000100,TVS Revenue,Y,Y,S,0,GYR,baht,M,,147393231.73000002,,163256488.60745585,2023-06-19 14:24:12
202304,2023016,20230418,Sales & Revenue,Revenue,TRUE,TVS,TB4R000100,TVS Revenue,Y,Y,S,0,GYR,baht,M,,147393231.73000002,,163256488.60745585,2023-06-19 14:24:12
202304,2023016,20230419,Sales & Revenue,Revenue,TRUE,TVS,TB4R000100,TVS Revenue,Y,Y,S,0,GYR,baht,M,25571994.519999992,172965226.25000003,28116008.795868665,191372497.4033245,2023-06-19 14:24:12
202304,2023016,20230420,Sales & Revenue,Revenue,TRUE,TVS,TB4R000100,TVS Revenue,Y,Y,S,0,GYR,baht,M,,172965226.25000003,,191372497.4033245,2023-06-19 14:24:12
202304,2023016,20230421,Sales & Revenue,Revenue,TRUE,TVS,TB4R000100,TVS Revenue,Y,Y,S,0,GYR,baht,M,,172965226.25000003,,191372497.4033245,2023-06-19 14:24:12
202304,2023016,20230422,Sales & Revenue,Revenue,TRUE,TVS,TB4R000100,TVS Revenue,Y,Y,S,0,GYR,baht,M,26119794.229999993,199085020.48000002,28864970.53719459,220237467.94051912,2023-06-19 14:24:12
202304,2023016,20230423,Sales & Revenue,Revenue,TRUE,TVS,TB4R000100,TVS Revenue,Y,Y,S,0,GYR,baht,M,,199085020.48000002,,220237467.94051912,2023-06-19 14:24:12
202304,2023017,20230424,Sales & Revenue,Revenue,TRUE,TVS,TB4R000100,TVS Revenue,Y,Y,S,0,GYR,baht,M,,199085020.48000002,,220237467.94051912,2023-06-19 14:24:12
202304,2023017,20230425,Sales & Revenue,Revenue,TRUE,TVS,TB4R000100,TVS Revenue,Y,Y,S,0,GYR,baht,M,25893438.319999985,224978458.8,28939279.032979958,249176746.9734991,2023-06-19 14:24:12
202304,2023017,20230426,Sales & Revenue,Revenue,TRUE,TVS,TB4R000100,TVS Revenue,Y,Y,S,0,GYR,baht,M,,224978458.8,,249176746.9734991,2023-06-19 14:24:12
202304,2023017,20230427,Sales & Revenue,Revenue,TRUE,TVS,TB4R000100,TVS Revenue,Y,Y,S,0,GYR,baht,M,,224978458.8,,249176746.9734991,2023-06-19 14:24:12
202304,2023017,20230428,Sales & Revenue,Revenue,TRUE,TVS,TB4R000100,TVS Revenue,Y,Y,S,0,GYR,baht,M,28566476.609999996,253544935.41,16599735.035153158,265776482.00865224,2023-06-19 14:24:12
202304,2023017,20230429,Sales & Revenue,Revenue,TRUE,TVS,TB4R000100,TVS Revenue,Y,Y,S,0,GYR,baht,M,,253544935.41,,265776482.00865224,2023-06-19 14:24:12
202304,2023017,20230430,Sales & Revenue,Revenue,TRUE,TVS,TB4R000100,TVS Revenue,Y,Y,S,0,GYR,baht,M,20150386.46000001,273695321.87,147839863.7213478,413616345.73,2023-06-19 14:24:12
202305,2023018,20230501,Sales & Revenue,Revenue,TRUE,TVS,TB4R000100,TVS Revenue,Y,Y,S,0,GYR,baht,M,,0.0,,,2023-06-19 14:24:12
202305,2023018,20230502,Sales & Revenue,Revenue,TRUE,TVS,TB4R000100,TVS Revenue,Y,Y,S,0,GYR,baht,M,42208594.07,42208594.07,47555946.32131713,47555946.32131713,2023-06-19 14:24:12
202305,2023018,20230503,Sales & Revenue,Revenue,TRUE,TVS,TB4R000100,TVS Revenue,Y,Y,S,0,GYR,baht,M,,42208594.07,,47555946.32131713,2023-06-19 14:24:12
202305,2023018,20230504,Sales & Revenue,Revenue,TRUE,TVS,TB4R000100,TVS Revenue,Y,Y,S,0,GYR,baht,M,,42208594.07,,47555946.32131713,2023-06-19 14:24:12
202305,2023018,20230505,Sales & Revenue,Revenue,TRUE,TVS,TB4R000100,TVS Revenue,Y,Y,S,0,GYR,baht,M,,42208594.07,,47555946.32131713,2023-06-19 14:24:12
202305,2023018,20230506,Sales & Revenue,Revenue,TRUE,TVS,TB4R000100,TVS Revenue,Y,Y,S,0,GYR,baht,M,11463411.880000006,53672005.95,12000522.60822074,59556468.92953787,2023-06-19 14:24:12
202305,2023018,20230507,Sales & Revenue,Revenue,TRUE,TVS,TB4R000100,TVS Revenue,Y,Y,S,0,GYR,baht,M,,53672005.95,,59556468.92953787,2023-06-19 14:24:12
202305,2023019,20230508,Sales & Revenue,Revenue,TRUE,TVS,TB4R000100,TVS Revenue,Y,Y,S,0,GYR,baht,M,,53672005.95,,59556468.92953787,2023-06-19 14:24:12
202305,2023019,20230509,Sales & Revenue,Revenue,TRUE,TVS,TB4R000100,TVS Revenue,Y,Y,S,0,GYR,baht,M,,53672005.95,,59556468.92953787,2023-06-19 14:24:12
202305,2023019,20230510,Sales & Revenue,Revenue,TRUE,TVS,TB4R000100,TVS Revenue,Y,Y,S,0,GYR,baht,M,36427500.94000002,90099506.89000003,41252970.86972748,100809439.79926535,2023-06-19 14:24:12
202305,2023019,20230511,Sales & Revenue,Revenue,TRUE,TVS,TB4R000100,TVS Revenue,Y,Y,S,0,GYR,baht,M,,90099506.89000003,,100809439.79926535,2023-06-19 14:24:12
202305,2023019,20230512,Sales & Revenue,Revenue,TRUE,TVS,TB4R000100,TVS Revenue,Y,Y,S,0,GYR,baht,M,,90099506.89000003,,100809439.79926535,2023-06-19 14:24:12
202305,2023019,20230513,Sales & Revenue,Revenue,TRUE,TVS,TB4R000100,TVS Revenue,Y,Y,S,0,GYR,baht,M,26816812.239999983,116916319.13000001,30274077.36352908,131083517.16279443,2023-06-19 14:24:12
202305,2023019,20230514,Sales & Revenue,Revenue,TRUE,TVS,TB4R000100,TVS Revenue,Y,Y,S,0,GYR,baht,M,,116916319.13000001,,131083517.16279443,2023-06-19 14:24:12
202305,2023020,20230515,Sales & Revenue,Revenue,TRUE,TVS,TB4R000100,TVS Revenue,Y,Y,S,0,GYR,baht,M,,116916319.13000001,,131083517.16279443,2023-06-19 14:24:12
202305,2023020,20230516,Sales & Revenue,Revenue,TRUE,TVS,TB4R000100,TVS Revenue,Y,Y,S,0,GYR,baht,M,28178564.460000023,145094883.59000003,32172971.444661453,163256488.60745588,2023-06-19 14:24:12
202305,2023020,20230517,Sales & Revenue,Revenue,TRUE,TVS,TB4R000100,TVS Revenue,Y,Y,S,0,GYR,baht,M,,145094883.59000003,,163256488.60745588,2023-06-19 14:24:12
202305,2023020,20230518,Sales & Revenue,Revenue,TRUE,TVS,TB4R000100,TVS Revenue,Y,Y,S,0,GYR,baht,M,,145094883.59000003,,163256488.60745588,2023-06-19 14:24:12
202305,2023020,20230519,Sales & Revenue,Revenue,TRUE,TVS,TB4R000100,TVS Revenue,Y,Y,S,0,GYR,baht,M,24947816.68,170042700.27000004,28116008.79586867,191372497.40332454,2023-06-19 14:24:12
202305,2023020,20230520,Sales & Revenue,Revenue,TRUE,TVS,TB4R000100,TVS Revenue,Y,Y,S,0,GYR,baht,M,,170042700.27000004,,191372497.40332454,2023-06-19 14:24:12
202305,2023020,20230521,Sales & Revenue,Revenue,TRUE,TVS,TB4R000100,TVS Revenue,Y,Y,S,0,GYR,baht,M,,170042700.27000004,,191372497.40332454,2023-06-19 14:24:12
202305,2023021,20230522,Sales & Revenue,Revenue,TRUE,TVS,TB4R000100,TVS Revenue,Y,Y,S,0,GYR,baht,M,25599036.109999996,195641736.38000003,28864970.537194595,220237467.94051915,2023-06-19 14:24:12
202305,2023021,20230523,Sales & Revenue,Revenue,TRUE,TVS,TB4R000100,TVS Revenue,Y,Y,S,0,GYR,baht,M,,195641736.38000003,,220237467.94051915,2023-06-19 14:24:12
202305,2023021,20230524,Sales & Revenue,Revenue,TRUE,TVS,TB4R000100,TVS Revenue,Y,Y,S,0,GYR,baht,M,,195641736.38000003,,220237467.94051915,2023-06-19 14:24:12
202305,2023021,20230525,Sales & Revenue,Revenue,TRUE,TVS,TB4R000100,TVS Revenue,Y,Y,S,0,GYR,baht,M,25680233.46999998,221321969.85,28939279.03297996,249176746.97349912,2023-06-19 14:24:12
202305,2023021,20230526,Sales & Revenue,Revenue,TRUE,TVS,TB4R000100,TVS Revenue,Y,Y,S,0,GYR,baht,M,,221321969.85,,249176746.97349912,2023-06-19 14:24:12
202305,2023021,20230527,Sales & Revenue,Revenue,TRUE,TVS,TB4R000100,TVS Revenue,Y,Y,S,0,GYR,baht,M,,221321969.85,,249176746.97349912,2023-06-19 14:24:12
202305,2023021,20230528,Sales & Revenue,Revenue,TRUE,TVS,TB4R000100,TVS Revenue,Y,Y,S,0,GYR,baht,M,28206667.260000013,249528637.11,16599735.03515316,265776482.00865227,2023-06-19 14:24:12
202305,2023022,20230529,Sales & Revenue,Revenue,TRUE,TVS,TB4R000100,TVS Revenue,Y,Y,S,0,GYR,baht,M,,249528637.11,,265776482.00865227,2023-06-19 14:24:12
202305,2023022,20230530,Sales & Revenue,Revenue,TRUE,TVS,TB4R000100,TVS Revenue,Y,Y,S,0,GYR,baht,M,,249528637.11,,265776482.00865227,2023-06-19 14:24:12
202305,2023022,20230531,Sales & Revenue,Revenue,TRUE,TVS,TB4R000100,TVS Revenue,Y,Y,S,0,GYR,baht,M,126691226.06000017,376219863.1700002,147839863.7213478,413616345.7300001,2023-06-19 14:24:12
202306,2023022,20230601,Sales & Revenue,Revenue,TRUE,TVS,TB4R000100,TVS Revenue,Y,Y,S,0,GYR,baht,M,,0.0,,,2023-06-19 14:24:12
202306,2023022,20230602,Sales & Revenue,Revenue,TRUE,TVS,TB4R000100,TVS Revenue,Y,Y,S,0,GYR,baht,M,41451729.830000006,41451729.830000006,47555946.32131711,47555946.32131711,2023-06-19 14:24:12
202306,2023022,20230603,Sales & Revenue,Revenue,TRUE,TVS,TB4R000100,TVS Revenue,Y,Y,S,0,GYR,baht,M,,41451729.830000006,,47555946.32131711,2023-06-19 14:24:12
202306,2023022,20230604,Sales & Revenue,Revenue,TRUE,TVS,TB4R000100,TVS Revenue,Y,Y,S,0,GYR,baht,M,,41451729.830000006,,47555946.32131711,2023-06-19 14:24:12
202306,2023023,20230605,Sales & Revenue,Revenue,TRUE,TVS,TB4R000100,TVS Revenue,Y,Y,S,0,GYR,baht,M,,41451729.830000006,,47555946.32131711,2023-06-19 14:24:12
202306,2023023,20230606,Sales & Revenue,Revenue,TRUE,TVS,TB4R000100,TVS Revenue,Y,Y,S,0,GYR,baht,M,11549385.020000005,53001114.85000001,12000522.608220734,59556468.92953784,2023-06-19 14:24:12
202306,2023023,20230607,Sales & Revenue,Revenue,TRUE,TVS,TB4R000100,TVS Revenue,Y,Y,S,0,GYR,baht,M,,53001114.85000001,,59556468.92953784,2023-06-19 14:24:12
202306,2023023,20230608,Sales & Revenue,Revenue,TRUE,TVS,TB4R000100,TVS Revenue,Y,Y,S,0,GYR,baht,M,,53001114.85000001,,59556468.92953784,2023-06-19 14:24:12
202306,2023023,20230609,Sales & Revenue,Revenue,TRUE,TVS,TB4R000100,TVS Revenue,Y,Y,S,0,GYR,baht,M,,53001114.85000001,,59556468.92953784,2023-06-19 14:24:12
202306,2023023,20230610,Sales & Revenue,Revenue,TRUE,TVS,TB4R000100,TVS Revenue,Y,Y,S,0,GYR,baht,M,35817668.29000002,88818783.14000003,41252970.86972746,100809439.7992653,2023-06-19 14:24:12
202306,2023023,20230611,Sales & Revenue,Revenue,TRUE,TVS,TB4R000100,TVS Revenue,Y,Y,S,0,GYR,baht,M,,88818783.14000003,,100809439.7992653,2023-06-19 14:24:12
202306,2023024,20230612,Sales & Revenue,Revenue,TRUE,TVS,TB4R000100,TVS Revenue,Y,Y,S,0,GYR,baht,M,,88818783.14000003,,100809439.7992653,2023-06-19 14:24:12
202306,2023024,20230613,Sales & Revenue,Revenue,TRUE,TVS,TB4R000100,TVS Revenue,Y,Y,S,0,GYR,baht,M,26768660.239999995,115587443.38000003,30274077.363529064,131083517.16279437,2023-06-19 14:24:12
202306,2023024,20230614,Sales & Revenue,Revenue,TRUE,TVS,TB4R000100,TVS Revenue,Y,Y,S,0,GYR,baht,M,,115587443.38000003,,131083517.16279437,2023-06-19 14:24:12
202306,2023024,20230615,Sales & Revenue,Revenue,TRUE,TVS,TB4R000100,TVS Revenue,Y,Y,S,0,GYR,baht,M,,115587443.38000003,,131083517.16279437,2023-06-19 14:24:12
202306,2023024,20230616,Sales & Revenue,Revenue,TRUE,TVS,TB4R000100,TVS Revenue,Y,Y,S,0,GYR,baht,M,28075920.01000001,143663363.39000005,32172971.44466144,163256488.6074558,2023-06-19 14:24:12
202306,2023024,20230617,Sales & Revenue,Revenue,TRUE,TVS,TB4R000100,TVS Revenue,Y,Y,S,0,GYR,baht,M,,143663363.39000005,,163256488.6074558,2023-06-19 14:24:12
202306,2023024,20230618,Sales & Revenue,Revenue,TRUE,TVS,TB4R000100,TVS Revenue,Y,Y,S,0,GYR,baht,M,,143663363.39000005,,163256488.6074558,2023-06-19 14:24:12
